"","phis1","titas1"
"1",0.932791774058852,-0.579860289237301
"2",0.92481331601658,-0.481676525194704
"3",0.903846240404726,-0.564984217283916
"4",0.930804150951076,-0.485559209756754
"5",0.933347460235965,-0.449439206889365
"6",0.949230310568226,-0.545676486676639
"7",0.913866781651799,-0.472475120601978
"8",0.919875030527484,-0.516998658051687
"9",0.902343053293446,-0.513168705811319
"10",0.940217089907066,-0.493949621431193
"11",0.946639561578803,-0.496818002880913
"12",0.93634737403055,-0.527610777644314
"13",0.931182516777171,-0.450495343603799
"14",0.862301471927302,-0.382000640897659
"15",0.900117655088445,-0.543114293136258
"16",0.887944557684681,-0.479369571421755
"17",0.916325885612362,-0.490058909527364
"18",0.919054839959087,-0.4902533673543
"19",0.92692814383904,-0.509980557764808
"20",0.951796289203763,-0.526189072236146
"21",0.934060842960947,-0.548066278928338
"22",0.896355097455954,-0.472130789248272
"23",0.912315763414225,-0.436047506603002
"24",0.9184893629172,-0.539748502903513
"25",0.883134318031659,-0.438564152059545
"26",0.924401939198112,-0.505464064165048
"27",0.888367375515955,-0.420056943749883
"28",0.935991316550583,-0.517860575521109
"29",0.912359541360365,-0.468932647786994
"30",0.931662067957736,-0.445702920129779
"31",0.96350311278573,-0.504720497726795
"32",0.954174589148973,-0.576971935241922
"33",0.92671936706064,-0.463946117881732
"34",0.922584086322643,-0.441275444954632
"35",0.918072589577788,-0.482499704467392
"36",0.917365332321589,-0.488369505131922
"37",0.922999624139215,-0.449062909797708
"38",0.920845553271808,-0.475778831172097
"39",0.870766337544206,-0.400338457024607
"40",0.932372421343374,-0.506465027305463
"41",0.873296566243916,-0.51785266928447
"42",0.938160756873678,-0.468284304775516
"43",0.923339764753662,-0.482731551711456
"44",0.93165008657164,-0.513074978459899
"45",0.937895651815824,-0.487953499006029
"46",0.905981415499543,-0.461575820658214
"47",0.924867794012956,-0.547887629775952
"48",0.893107669408551,-0.409311964883677
"49",0.882567594711196,-0.431279068561199
"50",0.891414015992119,-0.392634431243702
"51",0.906177989308224,-0.485245912191981
"52",0.91615545530796,-0.446398407767113
"53",0.899996878694346,-0.433802464298193
"54",0.91624207988175,-0.480408207651423
"55",0.887430504334794,-0.496423992848576
"56",0.937001559760204,-0.528915386658876
"57",0.926740161721419,-0.534334318467328
"58",0.924520244938518,-0.521960991591675
"59",0.8785222061915,-0.489512826103604
"60",0.945600586334449,-0.526127715497262
"61",0.904914846191037,-0.425811983331915
"62",0.940989380636862,-0.465776188791501
"63",0.904651274761491,-0.527987465304532
"64",0.957622740058867,-0.504349031740912
"65",0.937023014814436,-0.539530452669417
"66",0.920290341793156,-0.492553169859144
"67",0.887515495448816,-0.425900508821516
"68",0.913741903571642,-0.463353117177571
"69",0.935600651755935,-0.489207615833476
"70",0.930573756887566,-0.428605328980451
"71",0.938319495369165,-0.559413061025176
"72",0.90254797168313,-0.535391779234443
"73",0.899758575729068,-0.483898704173086
"74",0.913452339852594,-0.51454014784635
"75",0.899841203531019,-0.467870185812564
"76",0.936122831154779,-0.451165399995581
"77",0.926842950952407,-0.498859019595008
"78",0.899671873549636,-0.45959339364637
"79",0.927666884247074,-0.473250495342695
"80",0.935508783378589,-0.478043005440902
"81",0.892983710142468,-0.449016369573498
"82",0.913202019334775,-0.475949325111163
"83",0.949073240829078,-0.524867740647638
"84",0.940014209649376,-0.559065103135336
"85",0.950298434786018,-0.528866116313648
"86",0.919999654024124,-0.524361494332664
"87",0.905262790754321,-0.472749926906617
"88",0.930692729817068,-0.455866002897564
"89",0.900218546919343,-0.486002221769418
"90",0.927569262962985,-0.451046406530496
"91",0.927324119561855,-0.46353240620687
"92",0.928103990064559,-0.472756809819525
"93",0.918415760288948,-0.443256090739605
"94",0.905064933253864,-0.473753893297716
"95",0.913531278851839,-0.468085348535999
"96",0.90845331409692,-0.489840995269773
"97",0.928218354076053,-0.530693855369175
"98",0.931990885650077,-0.481960602177384
"99",0.940301647200539,-0.547847752054779
"100",0.895156312731246,-0.459268087231684
"101",0.920837099367386,-0.505104516767991
"102",0.946985513532695,-0.542664993648979
"103",0.923433217804585,-0.496567789716775
"104",0.914113842266507,-0.485781026297237
"105",0.923260457199418,-0.400241932035235
"106",0.919819911956599,-0.521658233722479
"107",0.943364188807298,-0.524914627108535
"108",0.944004153845428,-0.544832928599097
"109",0.928359215682712,-0.496805973122718
"110",0.934538141310526,-0.48135757718158
"111",0.932775150292498,-0.523265702745199
"112",0.929466570171226,-0.468298467050778
"113",0.924614334800734,-0.593698408221076
"114",0.906328270934085,-0.482611115796987
"115",0.90521560968956,-0.470629909712109
"116",0.920229879380112,-0.478481966209366
"117",0.914425929149598,-0.533132801016747
"118",0.887379679463632,-0.419314873732285
"119",0.928516248293418,-0.509806133932123
"120",0.915649963133098,-0.531272340804978
"121",0.896612315640124,-0.437950586510216
"122",0.914048283521427,-0.436469609184244
"123",0.924645287804324,-0.49266922317121
"124",0.930042184048662,-0.393628729156789
"125",0.914583274885504,-0.44935789682547
"126",0.937835642911434,-0.456847114640884
"127",0.933857496731541,-0.439998541753675
"128",0.912328722712399,-0.465236150329913
"129",0.938340104465465,-0.501681020613135
"130",0.940939396763384,-0.548014676167219
"131",0.928519336298079,-0.417039474925849
"132",0.913187409862582,-0.474873922478686
"133",0.935385543038801,-0.423753569580397
"134",0.909456333687161,-0.524159804122663
"135",0.92861946800165,-0.504051042299463
"136",0.952229143347125,-0.550577329306303
"137",0.928774084688522,-0.513995781762054
"138",0.931204423773701,-0.515663974871738
"139",0.918390200944545,-0.51041134817259
"140",0.924887035385184,-0.494884821592954
"141",0.933668192619258,-0.481983399669764
"142",0.909431960749431,-0.503077469680383
"143",0.928818871052941,-0.472097022583444
"144",0.896808182230455,-0.497535505091361
"145",0.909467742344556,-0.454859583316623
"146",0.899822010275346,-0.484141292666315
"147",0.928382117711139,-0.492296029029331
"148",0.897806773922168,-0.462134127188705
"149",0.912967358213098,-0.522941537709568
"150",0.883384622871956,-0.458170204593918
"151",0.935335461538072,-0.528498200289476
"152",0.925055169280383,-0.45938501013258
"153",0.946382199945453,-0.566158983104065
"154",0.946791451712817,-0.506143735169163
"155",0.927066885449286,-0.481759104338439
"156",0.921170544324579,-0.43654754315396
"157",0.914653970765726,-0.522240472647704
"158",0.925289702154402,-0.508675479705778
"159",0.931001390334193,-0.533813981908176
"160",0.932168490046254,-0.544699333089948
"161",0.936594560542813,-0.518941195307341
"162",0.925879368150712,-0.475328500145134
"163",0.938455168061509,-0.528276791432801
"164",0.942843290918495,-0.505884996557873
"165",0.943419625056563,-0.523033406630897
"166",0.891970549274973,-0.427008759558191
"167",0.897474978718159,-0.383172159756053
"168",0.928397214558842,-0.473787320285552
"169",0.939344583086089,-0.411831640973349
"170",0.939777912700567,-0.426930292034134
"171",0.906383097481078,-0.465179812397597
"172",0.927652453810781,-0.461877485742188
"173",0.913601096954913,-0.468459061213802
"174",0.92971939589182,-0.45895216604827
"175",0.912119972207655,-0.475195145748828
"176",0.945912737333219,-0.505217783031412
"177",0.929305297948322,-0.464700603732555
"178",0.935967427915081,-0.589715799790387
"179",0.940390009376105,-0.470417513077543
"180",0.939279451370751,-0.557480281113542
"181",0.910132170828712,-0.500379175581976
"182",0.918231990860858,-0.46071338343544
"183",0.912827749386989,-0.431736004731476
"184",0.913056942272671,-0.505638281047773
"185",0.956379825243818,-0.57858386481935
"186",0.938706183119456,-0.523341307137513
"187",0.953560964578716,-0.560473770057295
"188",0.930558152797469,-0.494111427515754
"189",0.915414579563801,-0.474889095680074
"190",0.932470319472121,-0.485817628412035
"191",0.898173898482163,-0.426880743366062
"192",0.910599025040595,-0.422332846926292
"193",0.946150095617982,-0.560999772440784
"194",0.930775457846139,-0.489530608749497
"195",0.924398577716266,-0.424896498100877
"196",0.928585563327593,-0.518197500459272
"197",0.935082469711506,-0.519033853683246
"198",0.919511462346553,-0.487207802463858
"199",0.896763263333338,-0.447845473018738
"200",0.90222012879971,-0.521903686086037
"201",0.896497010774315,-0.470796543110846
"202",0.926338614837708,-0.508190974962471
"203",0.914298536623707,-0.485513068160893
"204",0.93293563677058,-0.499609593470247
"205",0.890333785186868,-0.438922520649976
"206",0.946933724590766,-0.483441365601808
"207",0.922540078157205,-0.490102338032808
"208",0.947529220004554,-0.564277069121618
"209",0.913574664065721,-0.488704103763968
"210",0.933774225029041,-0.497046233549801
"211",0.908210661524024,-0.467823118301666
"212",0.918548941032696,-0.474274816368074
"213",0.915687328029687,-0.451724494750448
"214",0.938186221516359,-0.47995298504753
"215",0.909047718344933,-0.465307428867148
"216",0.908628439862391,-0.464937455760302
"217",0.928547551335474,-0.459473413061009
"218",0.938968978167744,-0.487614759541817
"219",0.870850184391346,-0.481724126462351
"220",0.947983107691096,-0.45650087991002
"221",0.929991815230152,-0.476068648978222
"222",0.931866325167392,-0.471935409082272
"223",0.941609291763001,-0.47844197664382
"224",0.877196791862707,-0.42926739540774
"225",0.93988033182372,-0.42712696438516
"226",0.939286252689622,-0.543614140283111
"227",0.925212048379988,-0.475863214985428
"228",0.92590046550348,-0.513700565980474
"229",0.923623732408399,-0.487595351638069
"230",0.926923508218346,-0.490864420315027
"231",0.930620458095624,-0.460212853215292
"232",0.946493788904658,-0.481356836065458
"233",0.911543480337769,-0.451145474024824
"234",0.95899445394934,-0.505751455190005
"235",0.954302311342965,-0.533997450295705
"236",0.915529405634968,-0.480741838146656
"237",0.90957669970435,-0.467833941599036
"238",0.944644950152174,-0.524753816659877
"239",0.930809998736167,-0.549498214713411
"240",0.931886267488405,-0.481031246063015
"241",0.935118639212022,-0.569420449797464
"242",0.920996302639899,-0.533964967553055
"243",0.929779636723606,-0.440194023394475
"244",0.928575532396839,-0.487175448739755
"245",0.936818288014939,-0.562100263887117
"246",0.925085112957676,-0.436093056582394
"247",0.903356348300058,-0.454513444669216
"248",0.917519771235588,-0.454489185238815
"249",0.963217624975681,-0.566975461528132
"250",0.954423427996319,-0.520731745991058
"251",0.909998183286954,-0.502407975088681
"252",0.930323607483797,-0.493631251090406
"253",0.92536110954225,-0.500168869974421
"254",0.944737978397417,-0.477187151352206
"255",0.931939292604579,-0.474144772465929
"256",0.928667139965466,-0.502594464764186
"257",0.884788560873485,-0.502972441247592
"258",0.886759401922836,-0.425598764107115
"259",0.88716236195246,-0.418151632052948
"260",0.919326609323778,-0.463825609118911
"261",0.916378369777663,-0.472790968012032
"262",0.92505006781779,-0.481117324088295
"263",0.910627384748807,-0.436158888749146
"264",0.931809946893212,-0.4788999873044
"265",0.910689636523343,-0.437073786853699
"266",0.943738038080302,-0.527011417386476
"267",0.933057388610188,-0.455474251785655
"268",0.90303603150866,-0.437986492316903
"269",0.912444597564451,-0.44349323226236
"270",0.954229076649775,-0.546799359371649
"271",0.927443634413749,-0.493105610749352
"272",0.931376629172271,-0.450635262120562
"273",0.944893048761384,-0.515480226048765
"274",0.913709353797036,-0.477201933222416
"275",0.928261956803247,-0.47323266261729
"276",0.92960291371654,-0.456413115505594
"277",0.913632985458483,-0.428020138710038
"278",0.916700676282189,-0.475260547077424
"279",0.914324383093466,-0.448879984136596
"280",0.938342859369098,-0.561319213523611
"281",0.929175366309279,-0.60892454219421
"282",0.912713254175582,-0.489031152996831
"283",0.934326000993446,-0.548352211643676
"284",0.918006568934231,-0.562194629024979
"285",0.933249313548282,-0.470795390281598
"286",0.909242274788803,-0.436988145546267
"287",0.918800092175659,-0.516466054503396
"288",0.930586656369842,-0.437439180675204
"289",0.939297033056785,-0.536204633234822
"290",0.927675643842209,-0.527542560729514
"291",0.939832567021136,-0.502736679335058
"292",0.930844288875936,-0.528123338991574
"293",0.952033538278345,-0.56231720002442
"294",0.932772943959622,-0.446466617943056
"295",0.938687279326314,-0.526338608683551
"296",0.92778480244813,-0.403076133562451
"297",0.936657624559494,-0.509461584321806
"298",0.931006578055289,-0.509334874341229
"299",0.928105984376571,-0.53310629810238
"300",0.897766382734105,-0.451638717133955
"301",0.942612584521898,-0.504770912548053
"302",0.913773570245527,-0.447089571010632
"303",0.935428735614193,-0.501674408803615
"304",0.916794661917362,-0.482529508087516
"305",0.908487064434473,-0.428822248554448
"306",0.888212508202068,-0.483847203700103
"307",0.896062574453213,-0.486566324906597
"308",0.913985393785934,-0.462710578414289
"309",0.928266839424837,-0.544319575351785
"310",0.942983907188754,-0.483313228133525
"311",0.934008820206297,-0.483266053816336
"312",0.906898451124123,-0.475765489056674
"313",0.9111073476834,-0.459561496341261
"314",0.926369699686879,-0.491259488316936
"315",0.902384106808347,-0.498707296937984
"316",0.915840202520738,-0.47206432577296
"317",0.910701154661697,-0.35825522765753
"318",0.931273159876745,-0.468378661204694
"319",0.910159228803801,-0.427015209234428
"320",0.954610103473198,-0.547090054829865
"321",0.914501445458039,-0.39087053288519
"322",0.923725278299399,-0.443850732770528
"323",0.945378451820556,-0.527756101986941
"324",0.919605388711248,-0.41947641024855
"325",0.937141173699088,-0.496724961411441
"326",0.906916445002904,-0.479284680688582
"327",0.952142972584241,-0.532359984815201
"328",0.902242501664774,-0.39243198270189
"329",0.93331406622616,-0.423790027313128
"330",0.94265583363256,-0.538391613447131
"331",0.941118642194314,-0.526467179570392
"332",0.909197049740692,-0.458959421865726
"333",0.938253243972897,-0.5031642627204
"334",0.942458211721277,-0.480641261655559
"335",0.945620091865558,-0.501953553210784
"336",0.929627816132044,-0.516795419099477
"337",0.929020955006634,-0.474747235885449
"338",0.917894544372693,-0.480035151412743
"339",0.930729438052746,-0.432180191365415
"340",0.92219778939782,-0.470353091576299
"341",0.921952690053831,-0.515105785983826
"342",0.941825678710118,-0.477087894658126
"343",0.925551288665878,-0.499613143103389
"344",0.877480837863572,-0.429134137741558
"345",0.909133633531877,-0.487647298278001
"346",0.911569460389382,-0.456814784994355
"347",0.916823509127572,-0.438877849245236
"348",0.902304903753517,-0.470136162596477
"349",0.912503392722619,-0.492798874813739
"350",0.915503625898247,-0.52899461613538
"351",0.952604703789744,-0.54999641201201
"352",0.926946615563169,-0.48718003764107
"353",0.888494567715701,-0.490324764270284
"354",0.934946459084451,-0.531149865735292
"355",0.945730841781528,-0.539436761248693
"356",0.918667629183393,-0.490531451788581
"357",0.886201959586474,-0.438622306045038
"358",0.919726092185933,-0.450615772498671
"359",0.947552972868342,-0.48170110273047
"360",0.940442155728245,-0.516527410352174
"361",0.914642931930904,-0.473897338658712
"362",0.947728909371012,-0.489670371140866
"363",0.907703460914883,-0.453900942400471
"364",0.920205243287285,-0.506682557215351
"365",0.902986766603521,-0.45100321038824
"366",0.929195272201266,-0.483824878356871
"367",0.927978298990877,-0.496971442999424
"368",0.951375443745447,-0.468062156641774
"369",0.908561436293312,-0.395805864313618
"370",0.934396519120006,-0.467429312370635
"371",0.9472197484932,-0.480244367557454
"372",0.931377577499049,-0.450030391334703
"373",0.913516404935556,-0.503887742851303
"374",0.883090815864431,-0.431347842499797
"375",0.930330179334827,-0.504147372735288
"376",0.938018704058561,-0.460798922537084
"377",0.958270708951118,-0.511417079069358
"378",0.937231049333245,-0.434367280319134
"379",0.944823823699345,-0.462827927297709
"380",0.918843686725673,-0.49296154277533
"381",0.941314523127677,-0.520311782344765
"382",0.944805742076564,-0.437584483657912
"383",0.946934369315936,-0.55587828291066
"384",0.921155022529408,-0.455507912827592
"385",0.932519268257287,-0.542123904069766
"386",0.955787333544633,-0.554576763338006
"387",0.942118718154576,-0.51906434966931
"388",0.888805148098887,-0.458137212949897
"389",0.923992860191095,-0.409337000742015
"390",0.903407720843703,-0.482320084119874
"391",0.924008833131896,-0.454057600273619
"392",0.913642557105219,-0.477421264475029
"393",0.932276743058945,-0.576846774455233
"394",0.910403878656687,-0.484879803048422
"395",0.906751340899289,-0.458409695694783
"396",0.944444537420744,-0.495978110502701
"397",0.903253026439961,-0.403690276730471
"398",0.927319609066277,-0.505906992759849
"399",0.916753193906043,-0.531511424708711
"400",0.913675198674889,-0.516274014674359
"401",0.946315137624707,-0.497238610483856
"402",0.939717695569633,-0.525835313692446
"403",0.913887628100257,-0.412707785540779
"404",0.916705534240972,-0.4288871205033
"405",0.898658129051364,-0.440484304881303
"406",0.923893894333525,-0.429374829630301
"407",0.928724296871203,-0.496919103005008
"408",0.936080743565433,-0.457200853220746
"409",0.961472932925635,-0.449665891256196
"410",0.945664068959359,-0.475135641528467
"411",0.903805826685268,-0.430646069619471
"412",0.923707663215908,-0.492934976003027
"413",0.922068847810681,-0.470270935589237
"414",0.90252702388233,-0.461233856497755
"415",0.900093151929728,-0.367379975397055
"416",0.91261483589178,-0.441963903347911
"417",0.938606542976892,-0.505431242219516
"418",0.915988289781833,-0.510652832037193
"419",0.918219301935203,-0.519617722223633
"420",0.921214350410805,-0.4702269549928
"421",0.936092416112171,-0.495437603618881
"422",0.932242422785774,-0.44263941703057
"423",0.94386133781936,-0.493169002765782
"424",0.883619320682496,-0.503086932268796
"425",0.926473177645201,-0.479452348003026
"426",0.904485544204392,-0.485360969811186
"427",0.946452266080715,-0.521067600354688
"428",0.897876465851923,-0.490163623512428
"429",0.931018772213504,-0.549141914560567
"430",0.930432876426739,-0.538504126142481
"431",0.91480621555212,-0.480536650839797
"432",0.907735141059586,-0.484805410369809
"433",0.922355830101632,-0.489690596309615
"434",0.929091331167076,-0.548373926137552
"435",0.947192254575776,-0.522263744687345
"436",0.90724392166415,-0.463343710512688
"437",0.922822153095279,-0.448832349050606
"438",0.925736972171092,-0.457633207783832
"439",0.895503319051847,-0.510528020437438
"440",0.903269298485737,-0.487710594141905
"441",0.950433019649057,-0.483992431613454
"442",0.937488173213215,-0.498121177019822
"443",0.918651315836676,-0.526482729412312
"444",0.931730965659576,-0.471639895158612
"445",0.922849866272883,-0.495889323266662
"446",0.919209653037339,-0.428784348976406
"447",0.91593383728185,-0.490372891190437
"448",0.955816399220109,-0.481906807642463
"449",0.89484632279985,-0.427184181293393
"450",0.899475851088337,-0.432237067108241
"451",0.936679757257511,-0.512602323453933
"452",0.894946061465076,-0.398451959262953
"453",0.934792451461684,-0.585340145439222
"454",0.898583756684449,-0.521715977743774
"455",0.912807276171379,-0.472548476968335
"456",0.912461195831866,-0.557277649781137
"457",0.914908749636142,-0.513890069191387
"458",0.927170068077626,-0.464985923970093
"459",0.922317283634945,-0.449104866010211
"460",0.93768361261749,-0.522669683979978
"461",0.858598836535204,-0.39830035877839
"462",0.936453119476754,-0.491167583076689
"463",0.930933925738102,-0.485890406533357
"464",0.925699818868704,-0.478653251221606
"465",0.912173144712482,-0.508265668704641
"466",0.909733329448065,-0.450250532295741
"467",0.897572925919253,-0.516960494025396
"468",0.93452777294676,-0.473958568781489
"469",0.912604873245781,-0.439064371022623
"470",0.943298570912697,-0.494171445271431
"471",0.931045424614095,-0.471593548304744
"472",0.938988591962235,-0.551268421242967
"473",0.935625475537615,-0.548042466819877
"474",0.916526572658783,-0.521661600505205
"475",0.936484516591269,-0.47169409206105
"476",0.893350267966465,-0.468887846051513
"477",0.927941034574699,-0.424604458240772
"478",0.926990278771077,-0.523553375848116
"479",0.92761078031634,-0.50397852789046
"480",0.927683080506568,-0.510435300664016
"481",0.910028311994977,-0.509477514645459
"482",0.946089204754509,-0.47434123383934
"483",0.929074027821982,-0.449351532009178
"484",0.893174256949721,-0.486699103543993
"485",0.933513678395062,-0.493520474132588
"486",0.92273951697821,-0.481090686125398
"487",0.905516338277976,-0.433145914680889
"488",0.926096220064944,-0.453538703016776
"489",0.918761414685517,-0.449062460844994
"490",0.946779281003393,-0.56613112809954
"491",0.88152724169827,-0.401212920710993
"492",0.910469180381856,-0.494623466306842
"493",0.932275450405281,-0.495454955325503
"494",0.927475981626267,-0.527717448706694
"495",0.935524703111802,-0.529595319221676
"496",0.935045144795548,-0.493155271503913
"497",0.912310824804807,-0.492721689302361
"498",0.911103216959712,-0.520407449197152
"499",0.902741046695639,-0.439525199598721
"500",0.918737887009836,-0.415533280292034
"501",0.947609914829567,-0.541125134335963
"502",0.935390148261045,-0.449921136460239
"503",0.942283579896493,-0.532750078293996
"504",0.928500816184344,-0.521929860397142
"505",0.929307594508581,-0.518831436021671
"506",0.941330806771301,-0.523599434360714
"507",0.92149406256092,-0.477333090923554
"508",0.922730018269748,-0.479523490302305
"509",0.933192085000859,-0.536896060591145
"510",0.923148946249646,-0.492337015439587
"511",0.931058600166217,-0.474732829827085
"512",0.945957649397537,-0.532487150164978
"513",0.953433080983037,-0.509320243482503
"514",0.940027987552104,-0.54632390727841
"515",0.928557112609881,-0.512427791153019
"516",0.940566973911964,-0.526193627834527
"517",0.896603311598968,-0.377201483967574
"518",0.941723921887693,-0.409603531502652
"519",0.934040940179555,-0.495090183257564
"520",0.910806096343981,-0.439207805952343
"521",0.9168160793508,-0.401155210899885
"522",0.912392443061274,-0.518578613630267
"523",0.899901324085793,-0.451513183400414
"524",0.892518459225006,-0.483291647867851
"525",0.925969127269215,-0.471804451538287
"526",0.910552891242049,-0.433489660608974
"527",0.936435273952352,-0.514217075416863
"528",0.904261807768084,-0.43259913193434
"529",0.908638003735695,-0.501390884632293
"530",0.917447464264974,-0.398162091153939
"531",0.925074059897794,-0.525167053587492
"532",0.942310706716072,-0.447867494326055
"533",0.948566950544698,-0.528827325966236
"534",0.905484395822181,-0.503435999769493
"535",0.928914519720226,-0.534287291075057
"536",0.946312212202594,-0.519528498093
"537",0.932095727034774,-0.491384741320133
"538",0.927653384294669,-0.485058355712239
"539",0.944312252473354,-0.530005382249237
"540",0.913994033971075,-0.521794825858568
"541",0.944703918128317,-0.485335315046306
"542",0.92574903210675,-0.456902521275155
"543",0.920575583787134,-0.499739320098672
"544",0.919742963224025,-0.485863755106571
"545",0.916465417077464,-0.473385332010625
"546",0.940080850140569,-0.432860682951139
"547",0.91315763014405,-0.443149893278679
"548",0.907084503959227,-0.475324814154852
"549",0.931417796688959,-0.452022437381357
"550",0.910690696058109,-0.504213095830634
"551",0.915402962884817,-0.484619163820388
"552",0.918416469634493,-0.518701199977288
"553",0.944050022674637,-0.476419980496284
"554",0.949769353712976,-0.484414908738163
"555",0.903901097885317,-0.402452870256854
"556",0.915147719106517,-0.517754528191887
"557",0.919091184052145,-0.534060161745083
"558",0.939213501557524,-0.540704381956668
"559",0.907509611204168,-0.48355352423272
"560",0.916848546262252,-0.478702341743876
"561",0.914546321357223,-0.484972403603283
"562",0.920537211306793,-0.483295583912232
"563",0.944637577344811,-0.507809569850215
"564",0.91568868882609,-0.519126879888656
"565",0.890461226788681,-0.477529987148083
"566",0.904220059984257,-0.472234678091897
"567",0.90281640057601,-0.463481458234849
"568",0.921905767617158,-0.458055825727744
"569",0.929688597082202,-0.479323530930501
"570",0.908242352243184,-0.465496749944578
"571",0.935860411030088,-0.504655149100108
"572",0.913098833309537,-0.487523979456619
"573",0.937442599136232,-0.537972209569795
"574",0.917245597843015,-0.547959752161041
"575",0.910107080008392,-0.428543378795969
"576",0.931589028285104,-0.461232189987095
"577",0.945903190331608,-0.52719296048052
"578",0.91921413029053,-0.509609914826947
"579",0.916616661410913,-0.534294399525993
"580",0.912439051189821,-0.543885503606115
"581",0.938169918543417,-0.480990715073886
"582",0.927426896885545,-0.434564913545339
"583",0.926486159198668,-0.472071670735202
"584",0.95015449893253,-0.454567037040636
"585",0.953727854265582,-0.505967553067245
"586",0.95449174930825,-0.605930862401728
"587",0.941709708382239,-0.518937290457087
"588",0.881901110935126,-0.534277962258422
"589",0.889207851097627,-0.465425299947937
"590",0.913488337800024,-0.455385314784585
"591",0.967767948091111,-0.627617937699255
"592",0.938809672319142,-0.53976034245821
"593",0.911339685094746,-0.584797141413029
"594",0.926070099259789,-0.512409925237947
"595",0.938792645821541,-0.464125960122047
"596",0.954470487699135,-0.456709461254933
"597",0.925208294200724,-0.51745593784644
"598",0.934771440092955,-0.541648065352344
"599",0.959428611043231,-0.595043997027545
"600",0.947849393265588,-0.479808046881608
"601",0.889307893869361,-0.455367415075211
"602",0.938497818978771,-0.513283246112394
"603",0.947831485766196,-0.518042811483595
"604",0.894100518260982,-0.487158062010155
"605",0.869522013415843,-0.4875397240192
"606",0.951142026473185,-0.536012248260263
"607",0.910108621394354,-0.523273248283467
"608",0.915841974216748,-0.465921099398996
"609",0.908779647869099,-0.487047997839079
"610",0.922728934809814,-0.531984368647916
"611",0.955525094501119,-0.544002247179755
"612",0.927745392283804,-0.454611262207358
"613",0.897906113463978,-0.526829083758562
"614",0.93259603571678,-0.502968397317047
"615",0.901940574762395,-0.449796963817675
"616",0.966919097103019,-0.633137323244178
"617",0.928581530925518,-0.528422663023438
"618",0.901958574516968,-0.378494887416483
"619",0.914562486621367,-0.427489561072618
"620",0.921222329326383,-0.558937381212704
"621",0.905531527163153,-0.442493198004664
"622",0.913497868842121,-0.477387747823009
"623",0.893413641923491,-0.460667808305128
"624",0.929442126432612,-0.480142103977743
"625",0.900035518264837,-0.493495029160234
"626",0.910534156917442,-0.436842924082709
"627",0.9344474699744,-0.568371776172109
"628",0.930961621153817,-0.462965384822254
"629",0.9553364038572,-0.537428939432837
"630",0.95083102863448,-0.53079465789429
"631",0.865992423788938,-0.43326313794081
"632",0.924428441826918,-0.480579907969976
"633",0.888051043946827,-0.507622846066749
"634",0.898958050215839,-0.451265189112147
"635",0.937629296218816,-0.456093327490501
"636",0.920207774404932,-0.491699294359352
"637",0.944075135785666,-0.443715455288327
"638",0.92155613268741,-0.455351659766506
"639",0.912122750740821,-0.470229427010187
"640",0.913524748524496,-0.515661633425962
"641",0.914698295654952,-0.403542951453081
"642",0.937709704056072,-0.465720701956192
"643",0.950694467888315,-0.500108510112356
"644",0.922852072580113,-0.587557944621401
"645",0.907460610133279,-0.458597239018479
"646",0.884933517823296,-0.514143546532773
"647",0.915755002064229,-0.481309947871713
"648",0.924612151405024,-0.483948186628679
"649",0.886028513894443,-0.400315895884172
"650",0.93475422699474,-0.552860217426515
"651",0.909705411065627,-0.397370521549645
"652",0.86035095316389,-0.452135269937057
"653",0.932359142004775,-0.443194702912095
"654",0.90701786673289,-0.431353613793621
"655",0.897015488353757,-0.459365880614867
"656",0.891583098668919,-0.45951058804959
"657",0.941929500717444,-0.492202059102875
"658",0.961403773754363,-0.624977527175308
"659",0.961996476393651,-0.519733736600648
"660",0.91027533671881,-0.400099416325866
"661",0.921172623601165,-0.508121861563429
"662",0.936732728150387,-0.473216850823573
"663",0.921547319532485,-0.455980473178979
"664",0.885842788534498,-0.445999105969098
"665",0.949626698488469,-0.559568649316432
"666",0.92268016309009,-0.525161829556274
"667",0.923166402576799,-0.507781965927422
"668",0.935391227640042,-0.477399156691645
"669",0.919965853215795,-0.508679587828256
"670",0.927346486444597,-0.390255076153625
"671",0.898462989339526,-0.44914004002373
"672",0.913781332865326,-0.522139827082308
"673",0.934529506166034,-0.508896479451635
"674",0.916816387215819,-0.400677957172585
"675",0.926487035349229,-0.494110063107235
"676",0.910499890828523,-0.44184655561196
"677",0.928010811809356,-0.510980522962697
"678",0.908644400102411,-0.463772490591217
"679",0.926244451082325,-0.444271525461828
"680",0.930926440565534,-0.542514538365731
"681",0.887613164114718,-0.514083541041049
"682",0.907967197549657,-0.439506742063996
"683",0.943881911315605,-0.503970437099731
"684",0.898900985743079,-0.453678700589986
"685",0.924602090246674,-0.446721257549521
"686",0.923771073458104,-0.526012650261555
"687",0.895713891882242,-0.428492053189129
"688",0.919764845692622,-0.471704717442615
"689",0.945805318689253,-0.54557046815193
"690",0.910536827482952,-0.510385879636342
"691",0.921518810716616,-0.475578017178447
"692",0.911429174145322,-0.388423651704822
"693",0.936011375474776,-0.517433893247336
"694",0.854336819035554,-0.481650643333477
"695",0.944941644237121,-0.501319912198439
"696",0.936862414345421,-0.548818490165876
"697",0.936239435992414,-0.54949227003312
"698",0.940780448714906,-0.482613865853366
"699",0.907147652437223,-0.504047748141774
"700",0.932041916118719,-0.46448997011733
"701",0.930139941752696,-0.42667509207885
"702",0.883801855001811,-0.415636760742172
"703",0.913910203151107,-0.46232448109163
"704",0.90697385468955,-0.460203236868336
"705",0.921430319307051,-0.416514449437812
"706",0.940783866178858,-0.507021776899435
"707",0.918169746833544,-0.461938177243917
"708",0.931058415792921,-0.445141565128174
"709",0.91502898743526,-0.455601883331647
"710",0.929218985751725,-0.490933206841443
"711",0.945729071589138,-0.504216344508983
"712",0.92165741832723,-0.481869322043154
"713",0.916297187739001,-0.493229734494341
"714",0.928086850242819,-0.459509578939029
"715",0.906156023848275,-0.507503436448034
"716",0.925740264895977,-0.521055665865068
"717",0.908836385652183,-0.474708942787992
"718",0.909753896105294,-0.411570461292125
"719",0.949307020773304,-0.531225532970187
"720",0.924879070373521,-0.477357793801403
"721",0.908320087924744,-0.472896825145932
"722",0.946420321358677,-0.533277493403824
"723",0.913467889805842,-0.459145999894161
"724",0.910839986102523,-0.440085031343694
"725",0.95081725998543,-0.520995168722419
"726",0.913095225355371,-0.461619372686659
"727",0.965838245535317,-0.525283047902644
"728",0.925452557755523,-0.525626307278106
"729",0.932433623165883,-0.65901512554411
"730",0.918017772196128,-0.498865797922611
"731",0.938632740808271,-0.447558474408901
"732",0.941795846549393,-0.554020440997102
"733",0.902294794347485,-0.436653694455955
"734",0.910897629199509,-0.454859945769041
"735",0.911538427239363,-0.474457982094928
"736",0.930169628200118,-0.456877020746334
"737",0.939943525793846,-0.532931405497436
"738",0.90964455357055,-0.467049472816905
"739",0.922694931325812,-0.469042465325442
"740",0.928264372900222,-0.462027842006049
"741",0.913902191766108,-0.50428305278883
"742",0.939082350098332,-0.472133462626439
"743",0.932254917810434,-0.538119776983624
"744",0.923492406492738,-0.505394742313496
"745",0.925699659777545,-0.450164862360977
"746",0.938863696762328,-0.423762084909352
"747",0.937468834877643,-0.444240514286269
"748",0.898438751633801,-0.457900210293208
"749",0.923174527342723,-0.530050241941498
"750",0.911144759474397,-0.414015344500798
"751",0.953028847273216,-0.528489671233908
"752",0.921219331829105,-0.532512673415038
"753",0.897187423549393,-0.433698858426038
"754",0.930834326499045,-0.530299737558935
"755",0.937905119157937,-0.455626313591041
"756",0.934331521341505,-0.462210167689072
"757",0.905944221439582,-0.444942421823716
"758",0.917734038241811,-0.514498283622064
"759",0.941618797843633,-0.450672129600792
"760",0.902150523731337,-0.484832483098855
"761",0.938508692191715,-0.548521411195055
"762",0.908166336424936,-0.437005830840154
"763",0.861585475717127,-0.41801619031659
"764",0.933309581811748,-0.498647651326271
"765",0.938441189793407,-0.503600430079665
"766",0.908328459226395,-0.47360357748988
"767",0.894308248708654,-0.407149784470688
"768",0.914362724043205,-0.474766246062707
"769",0.947279276770542,-0.508593750172406
"770",0.897425787549573,-0.483914507417838
"771",0.935121531810131,-0.512544120743114
"772",0.947625166164382,-0.497458645329361
"773",0.907004549705378,-0.446917565623616
"774",0.950178868517401,-0.509687448542682
"775",0.898288647364856,-0.466048919649528
"776",0.91995757235792,-0.436384470810329
"777",0.923454945602654,-0.540460290002963
"778",0.935790503097668,-0.481697020297817
"779",0.903327557848206,-0.467558174007093
"780",0.932740065336798,-0.422190981491749
"781",0.885055046618467,-0.442868117002003
"782",0.94133150405268,-0.48860975973037
"783",0.909722988473506,-0.451638166418519
"784",0.939722999941352,-0.536523696133121
"785",0.937057207668912,-0.489593519922102
"786",0.900484635881585,-0.429030095733398
"787",0.921126633627703,-0.511159027650241
"788",0.921740171781918,-0.448938646790188
"789",0.918707493872443,-0.503015991312843
"790",0.936018123413158,-0.519961632773214
"791",0.956182645702567,-0.518182596322948
"792",0.91086242834679,-0.493360747006473
"793",0.91810879878312,-0.440039945832377
"794",0.922656816880216,-0.483163588969796
"795",0.938481833698608,-0.47260505557499
"796",0.918628840424419,-0.441379798194768
"797",0.948504514098585,-0.51697349319395
"798",0.926686857162163,-0.44813670035591
"799",0.936639911032533,-0.473227797160741
"800",0.931176765790686,-0.399832511787169
"801",0.928084385624969,-0.386689555574642
"802",0.943099286307542,-0.490283862187434
"803",0.951386752030915,-0.543499997737428
"804",0.922322886632757,-0.482854689219415
"805",0.928184527802056,-0.482443142105694
"806",0.933217730439713,-0.476923478748387
"807",0.932522807461713,-0.541446859697405
"808",0.927560530307986,-0.513820865453706
"809",0.889778520815667,-0.501867477348662
"810",0.922464936953742,-0.455115444229522
"811",0.93609897695611,-0.476276651014314
"812",0.92810401655912,-0.465577764974612
"813",0.907822422717685,-0.401584032644599
"814",0.928279538430183,-0.478775186834322
"815",0.928924819023879,-0.530348147961479
"816",0.942545888865993,-0.544823627605667
"817",0.919148984684124,-0.425127954309318
"818",0.932300504986836,-0.509932498729971
"819",0.935495238670385,-0.487904138026497
"820",0.910369220469184,-0.479709344874331
"821",0.926331866839728,-0.519225983611753
"822",0.948021457086033,-0.491939874644517
"823",0.937689691239251,-0.464041719286415
"824",0.942458234313642,-0.44689954532483
"825",0.93859818885969,-0.441326398774251
"826",0.877963682044071,-0.439616988701052
"827",0.940473806359967,-0.533034097841718
"828",0.911534482907805,-0.451817242238477
"829",0.930123035606557,-0.490861679477441
"830",0.892464452305229,-0.430259577620557
"831",0.922177105569795,-0.481188291113129
"832",0.909849988640634,-0.494662487777921
"833",0.898840377548911,-0.457773026676912
"834",0.933379195626767,-0.485917011968414
"835",0.926507432731676,-0.493224549514248
"836",0.908439123967137,-0.437835211817226
"837",0.926448431364492,-0.545985716485091
"838",0.922249585427188,-0.502119050217518
"839",0.929207748972471,-0.527454097618894
"840",0.933942186278859,-0.520275722872536
"841",0.931467938321995,-0.470560663715897
"842",0.956159976163029,-0.511904277755211
"843",0.916144634463486,-0.492292844508987
"844",0.913989440806996,-0.511673415124303
"845",0.933383217215541,-0.480322932337767
"846",0.938124282897646,-0.493741652549558
"847",0.908438344824177,-0.531364825847525
"848",0.924915209357084,-0.489979523615242
"849",0.902027787323042,-0.383480236876998
"850",0.9189609556337,-0.536531759648226
"851",0.925491686713704,-0.472787595530482
"852",0.9056419828205,-0.483803375521527
"853",0.893939104822037,-0.506463344306574
"854",0.955720781916899,-0.525788895538829
"855",0.921038253844225,-0.467178318041121
"856",0.926373293189369,-0.391879671880664
"857",0.955077993269545,-0.565996136407702
"858",0.90895298475899,-0.521810380011682
"859",0.949087293533596,-0.41841346190181
"860",0.91144943061067,-0.513552875753486
"861",0.930933909632409,-0.529435833279659
"862",0.911759394562983,-0.420890139536514
"863",0.948603763721417,-0.539996609710263
"864",0.9030906282889,-0.49050889371405
"865",0.947984707698084,-0.484327946039884
"866",0.913342792066781,-0.414077189070892
"867",0.940913394851457,-0.533674296462229
"868",0.937496902370334,-0.517646567597791
"869",0.924996516904921,-0.509009374881749
"870",0.940182846894721,-0.48886841869732
"871",0.873895317486959,-0.45695348599722
"872",0.858910750040052,-0.452205173438899
"873",0.928073567873536,-0.398326724542677
"874",0.940353101838771,-0.495364640293699
"875",0.933569497199928,-0.522130145126614
"876",0.929108421749909,-0.540280441048496
"877",0.907591505490228,-0.491406496787954
"878",0.900636614712461,-0.460940580058242
"879",0.895219863266212,-0.40906072241129
"880",0.922476427616739,-0.456368865017594
"881",0.899129652448704,-0.34687487429877
"882",0.91324096377491,-0.421755088981732
"883",0.901659541443435,-0.505388675882669
"884",0.865372662573324,-0.386136145829489
"885",0.939396578935644,-0.505374215102491
"886",0.939384162879241,-0.497530114177476
"887",0.915986327768763,-0.499866340802347
"888",0.93761335772412,-0.491801451076734
"889",0.914435439124817,-0.450286505344134
"890",0.906261690966282,-0.469414436679176
"891",0.901831829902511,-0.418124794747577
"892",0.932416944175964,-0.563205506833354
"893",0.940017287527281,-0.462871926516867
"894",0.932080228530251,-0.4985602635996
"895",0.918895684300666,-0.482189481973523
"896",0.952167301587454,-0.523764154866917
"897",0.936821462277831,-0.478641221481498
"898",0.868143075385639,-0.414030909134205
"899",0.937505254172518,-0.528435268908712
"900",0.937222256353495,-0.488236542912383
"901",0.92268645402404,-0.437229548143913
"902",0.929652783247509,-0.473350706908814
"903",0.93932575494096,-0.446416205516842
"904",0.920392611002553,-0.507570726788562
"905",0.894903547715304,-0.502919835136963
"906",0.938997762155129,-0.47402147782935
"907",0.930147648946906,-0.469055389458188
"908",0.961058828058015,-0.537787708446945
"909",0.929729768897183,-0.482192143654889
"910",0.895236167953811,-0.452011161997132
"911",0.92147209943348,-0.491390138495713
"912",0.932436173757708,-0.529938459993452
"913",0.94381076225856,-0.507836337472963
"914",0.947278309592325,-0.483907126467922
"915",0.938847439853914,-0.494681189343643
"916",0.931220899429567,-0.542446441291013
"917",0.933999188033509,-0.534008482923388
"918",0.903484638495976,-0.451642178688366
"919",0.949252864336289,-0.502230098835837
"920",0.932063638242394,-0.472003623989914
"921",0.924022540561198,-0.512814833620625
"922",0.940761120189056,-0.475876728175569
"923",0.927639862719523,-0.469439370097644
"924",0.927057382698509,-0.495705547875018
"925",0.945748631543639,-0.47299471406276
"926",0.927911909018768,-0.540538299256584
"927",0.907271236044552,-0.507372382543957
"928",0.929054769669118,-0.516823600658791
"929",0.931324484162419,-0.436624986108372
"930",0.920835812301328,-0.458236126655695
"931",0.926447103370315,-0.542839569751972
"932",0.889990884121005,-0.464327996891005
"933",0.921389862614994,-0.440523941081961
"934",0.951464639212331,-0.463024040287039
"935",0.898102758612752,-0.492946234938061
"936",0.927109416233665,-0.510568833746132
"937",0.945619987841929,-0.47046204835341
"938",0.919069932797641,-0.572676477983568
"939",0.924035995765697,-0.449970997981196
"940",0.920554075895905,-0.494362009700927
"941",0.930111923360865,-0.465196290679331
"942",0.915795344353972,-0.421595373144326
"943",0.904442965445526,-0.463462119170743
"944",0.934057316320445,-0.514106927875664
"945",0.939435319962708,-0.420395564780042
"946",0.91254562503587,-0.438631890628573
"947",0.947938865875656,-0.52552946864181
"948",0.945339230628347,-0.514452484394016
"949",0.855226329447765,-0.457152285249493
"950",0.905494142004492,-0.476699751795736
"951",0.944635084135043,-0.535699182131336
"952",0.940083998394678,-0.418939142115365
"953",0.943196276237208,-0.48227905911828
"954",0.959067384333835,-0.502734620966274
"955",0.921810138532725,-0.444612091857254
"956",0.946102240756494,-0.52392862403745
"957",0.8913509166979,-0.45938417367074
"958",0.909165418552887,-0.425139641068749
"959",0.956244993397383,-0.508479539068718
"960",0.939468476005074,-0.502168688160468
"961",0.898632278192774,-0.44562259573445
"962",0.890628670472518,-0.422713814536162
"963",0.924635623959281,-0.411818436891311
"964",0.940622529411609,-0.500014615321473
"965",0.902340086778634,-0.467403721815583
"966",0.923428463388188,-0.494845113357352
"967",0.91441207558785,-0.479854813115626
"968",0.950910052774944,-0.513872502115922
"969",0.91578794923087,-0.47202782650794
"970",0.921256343861685,-0.481327944431272
"971",0.954879354037931,-0.584328687887136
"972",0.906714558053786,-0.474219477609319
"973",0.905123839361691,-0.454656612303789
"974",0.955468700352876,-0.506178705974974
"975",0.913726718597993,-0.48516409393861
"976",0.943853762281266,-0.470583374820089
"977",0.915137611445702,-0.474446599920856
"978",0.932456677774295,-0.551482573864686
"979",0.928893218689714,-0.4895098366898
"980",0.94505017077619,-0.541062205694609
"981",0.92493878402937,-0.502628343506328
"982",0.939246539204214,-0.474387024130369
"983",0.924534132001804,-0.464660554872248
"984",0.948817640276752,-0.534965528798329
"985",0.932827397701995,-0.463541306512878
"986",0.923085127733975,-0.499314258698323
"987",0.949478502683555,-0.495738771206871
"988",0.907783349453353,-0.413526980088328
"989",0.875097520154806,-0.41957182319427
"990",0.877725572584747,-0.474283366181978
"991",0.919181643489461,-0.426258133081395
"992",0.919465530119024,-0.472181224294849
"993",0.94383881183836,-0.464303718544804
"994",0.934992049921744,-0.568901297327193
"995",0.925141127315777,-0.489601563068789
"996",0.925768113582635,-0.419345411120147
"997",0.935833081277191,-0.459569555814655
"998",0.947255782002518,-0.514201138369115
"999",0.958871182925717,-0.548719448031781
"1000",0.907198245209112,-0.501654543615447
