"","titas1_ma1","titas1_ma2","titas2_ma2"
"1",0.566488799630665,0.85415872029398,0.416340658576914
"2",0.484079659430461,0.868125638479132,0.494470945023197
"3",0.443475799765294,0.892440351317252,0.553914166955277
"4",0.525249521654151,0.793148082010201,0.369608265295678
"5",0.403649894899627,0.720655321446412,0.405941578491444
"6",0.423203956886759,0.782212277302715,0.432825157975377
"7",0.495056414960893,0.810456100533528,0.427571892433692
"8",0.48057734522916,0.854967641956022,0.47537914986292
"9",0.492145150845603,0.899724198252312,0.492667777094222
"10",0.496441963033352,0.831563283493051,0.4574315229769
"11",0.468972713038723,0.791172056730892,0.423839318109871
"12",0.45643721597895,0.821303826284649,0.469727773596208
"13",0.470444176916391,0.907372709414602,0.54921278796766
"14",0.471510224221956,0.756691505665081,0.378776408926583
"15",0.507788205821385,0.848764903543652,0.443342469397713
"16",0.484281861604992,0.805952160192302,0.403606435715264
"17",0.457199215684847,0.885294129365121,0.516751364838553
"18",0.473423790748405,0.863524144436098,0.472625413116896
"19",0.461944586913445,0.753357075897163,0.353939984278275
"20",0.459174370721307,0.81216957627444,0.467006473361236
"21",0.50977033930404,0.85873036600111,0.412183856119366
"22",0.4424421422853,0.751240035424901,0.405056315177856
"23",0.54197667394368,0.873297334896808,0.390437777417735
"24",0.481368730057289,0.892165638601341,0.525492279957209
"25",0.437512273004304,0.80045404685318,0.463511433421181
"26",0.49759205272195,0.826541623633182,0.437275725344901
"27",0.492239673627992,0.802852576598231,0.390445112049745
"28",0.442233689921201,0.754514814632874,0.411131341926442
"29",0.492308506541389,0.829490574642534,0.434821897604124
"30",0.474574808721599,0.834712965355147,0.464580313962369
"31",0.433218259323599,0.749518648910493,0.413270320109343
"32",0.481222065868172,0.781468214914046,0.379091617968534
"33",0.544531056060514,0.915976776280216,0.487154292790554
"34",0.393650349272477,0.697076438854183,0.378792164590577
"35",0.451526934131621,0.795837375234683,0.439901106661038
"36",0.544035805871025,0.893510696779613,0.460078878773808
"37",0.448181239493955,0.835566161637956,0.47148628594882
"38",0.472428984862654,0.851799558167443,0.492951792506788
"39",0.502981953558485,0.90445871915382,0.499128724259077
"40",0.430097141948167,0.716031710756082,0.359037789018827
"41",0.52791361439323,0.922917338451233,0.52355252369397
"42",0.485073505015952,0.841531838919163,0.444597484551607
"43",0.482554466704009,0.780296496644567,0.350101697682526
"44",0.466713240214903,0.787137140604152,0.385471111427732
"45",0.46579768340333,0.72337108389103,0.354804783448792
"46",0.448038044264103,0.710607840800665,0.347041924669642
"47",0.497220272581173,0.87710180920335,0.502140020653977
"48",0.505938234614936,0.913618204418827,0.513148714879136
"49",0.533261180371743,0.872928862766048,0.455646703253931
"50",0.516705725610073,0.910972797777249,0.514277920839458
"51",0.460080536261178,0.797224030435387,0.436885611197219
"52",0.414609314903448,0.797936393496009,0.453515006831333
"53",0.511585518153082,0.84940249229376,0.440106867869466
"54",0.46117968140553,0.788437769423466,0.419877749690447
"55",0.48898722965146,0.903027526678713,0.497911585516408
"56",0.477298944929038,0.793452629020832,0.380030595749386
"57",0.528996646057138,0.899687572878811,0.444270539248188
"58",0.486854403887209,0.845798342590104,0.448744453624917
"59",0.491110787756691,0.784711309230306,0.379589601996356
"60",0.459160816596857,0.82594195216338,0.4870293646557
"61",0.494277200000324,0.860756694841134,0.493379241317514
"62",0.512874902078312,0.813425126265499,0.413925904500771
"63",0.498985604696186,0.742141347439674,0.295146503059916
"64",0.473201800148937,0.867904856435792,0.498767454142474
"65",0.474931951552021,0.822357449978918,0.434603368966592
"66",0.498016306564497,0.860810107641659,0.447578234986465
"67",0.417974226417024,0.753041740911461,0.396883739817845
"68",0.482796269417667,0.911346970529922,0.539285639865114
"69",0.456931581884573,0.733550551847837,0.349013781665907
"70",0.474753316745627,0.825799261135548,0.485292219161715
"71",0.533182922102814,0.905785318511571,0.457171557546344
"72",0.481560677750273,0.834852120437568,0.457240906328073
"73",0.463807610788841,0.806643230863974,0.46862998619675
"74",0.456337412072775,0.854578542526772,0.46222812325048
"75",0.489842201491817,0.763430478701994,0.353131977519286
"76",0.448305810612035,0.726318882399316,0.370778129208364
"77",0.491974965561267,0.825359033562323,0.417879781707372
"78",0.494162931020953,0.813821793372244,0.44813609865149
"79",0.495321714363944,0.773321551596677,0.36076769192905
"80",0.466540106986399,0.76594768741412,0.368909390755016
"81",0.451560465923739,0.736388622790168,0.346196773519253
"82",0.46543387059096,0.830517903625856,0.478654550585164
"83",0.390547452094075,0.779431849372951,0.473722113514931
"84",0.512752117409154,0.913614388508103,0.488760909575522
"85",0.500310705733431,0.908487649735768,0.506375784249938
"86",0.482808535085862,0.888600058937807,0.531885122167636
"87",0.49780769716669,0.80047755092624,0.362369837499024
"88",0.501744946751277,0.896326317506296,0.500124840407554
"89",0.498305512757376,0.891811841154677,0.512558488247859
"90",0.447940612133035,0.843471447982595,0.511081889863594
"91",0.528105086144937,0.856661008021906,0.441565120693808
"92",0.471437760932222,0.82207341305839,0.445510751052405
"93",0.451701185956967,0.737036706000823,0.375481694302338
"94",0.478558014649172,0.676307437325758,0.22995951512336
"95",0.478404177862373,0.750609620150479,0.369054942347987
"96",0.506520520374979,0.823302063804397,0.440058932264596
"97",0.458162966505204,0.815831328539615,0.451336047656168
"98",0.468249314005766,0.829815457233998,0.45725044439566
"99",0.509365142546611,0.883615622227398,0.498603237751303
"100",0.477287833772689,0.769518340523167,0.404635821661099
"101",0.486974172591786,0.812784985029405,0.455171644087037
"102",0.509208662312843,0.867805802981699,0.46690725902248
"103",0.552886977637975,0.896488554430844,0.449200603274628
"104",0.519575411400867,0.922052178456697,0.501277746755959
"105",0.502589743319053,0.902083125919818,0.493568616882434
"106",0.450560526694652,0.651835200348393,0.298162577822261
"107",0.509831184687615,0.948572782792817,0.554573913320985
"108",0.483332172807685,0.793239019169165,0.385254731948697
"109",0.481787006528749,0.806830546393209,0.43462156176274
"110",0.478407790406496,0.79938820417311,0.437052721309246
"111",0.459780874052965,0.783317624638293,0.439025039601696
"112",0.410350859939601,0.805084957382237,0.473981430342272
"113",0.465258183255111,0.790254017233757,0.397305053018847
"114",0.477030204737117,0.770896059642016,0.376140706990225
"115",0.498262592625193,0.793162918896187,0.377040186001791
"116",0.503324168238221,0.884211285493558,0.489010964796878
"117",0.462048339835727,0.87829437749732,0.531790400136068
"118",0.471239336004338,0.816088966671033,0.468977816458692
"119",0.5479102024205,0.952953838800561,0.549339533678085
"120",0.502101597769321,0.829130797518332,0.414482102612207
"121",0.42600476211235,0.792345074525595,0.433383624314848
"122",0.50796719739345,0.832653828535787,0.412927886679307
"123",0.482527570721198,0.846162729512911,0.43142904506092
"124",0.527453615677983,0.88146711254307,0.475073445675549
"125",0.485976086530251,0.809972832409956,0.402311823852575
"126",0.449797053622235,0.813671532662906,0.430551403354799
"127",0.475776556105471,0.776442901639268,0.402783892933312
"128",0.459919756824243,0.752803548271962,0.371037701270219
"129",0.52080583861533,0.947859862582404,0.56417270487194
"130",0.478967901236176,0.785416413600719,0.391647958871793
"131",0.474712684999566,0.727129962408393,0.338441218289545
"132",0.417679696130808,0.742650051380832,0.377797913293695
"133",0.45109993956378,0.680445670453574,0.302332524889942
"134",0.496073695918943,0.910144917086269,0.514442067781592
"135",0.447544766644959,0.79076784966791,0.410109083786343
"136",0.47951885971303,0.885506476685926,0.475040447010051
"137",0.479511390531511,0.844264708129805,0.471249380850557
"138",0.48310258122553,0.7778041766696,0.369540332315984
"139",0.471256177839109,0.811643320065407,0.424358323940764
"140",0.421606583828013,0.754044154499885,0.444996766649456
"141",0.48001149892067,0.80280968854019,0.403328590231303
"142",0.453215303942525,0.826011800604453,0.441652120866588
"143",0.417466769154148,0.830517733116795,0.501341101302039
"144",0.486877527634547,0.896465925020657,0.531746983445329
"145",0.447480516319187,0.737456229647175,0.384365509810327
"146",0.481766412016011,0.789241663378012,0.420114056729687
"147",0.468030505393771,0.872230924889748,0.489522119094082
"148",0.498863825200954,0.899475833498408,0.537841999049179
"149",0.475437181987084,0.828826215567378,0.445546858410309
"150",0.472605256835796,0.917707218517468,0.581982938940778
"151",0.474100272188108,0.91465204518181,0.539084345996038
"152",0.567649725520978,0.861324078991931,0.414021655610927
"153",0.468976888318993,0.851433396768496,0.480728909174591
"154",0.501283083637848,0.786402696933568,0.407388729105654
"155",0.538557384990033,0.861016359073278,0.465620609939872
"156",0.468981049516063,0.869029721161797,0.493362898946907
"157",0.455761051805875,0.834430060188765,0.475764643423388
"158",0.51930112783081,0.818115025991681,0.374385528134821
"159",0.412134775272606,0.775221609663999,0.428586361258847
"160",0.482670681433961,0.750077516211024,0.333749626236071
"161",0.486500010919279,0.782256143713477,0.335493436792727
"162",0.513959028882008,0.859119809049073,0.438032403088339
"163",0.501463862209312,0.946028063047042,0.551085043457084
"164",0.456177659264169,0.769112187001463,0.403960199205651
"165",0.438263120568618,0.813156460206924,0.462378428096563
"166",0.495663337287636,0.823009664506683,0.46443985792293
"167",0.448271498229593,0.84545484808643,0.490429261480229
"168",0.507768046850276,0.82874968490162,0.403209782810035
"169",0.485996618377824,0.82421477074091,0.431562050111698
"170",0.482675357191474,0.802638545209352,0.41069212078427
"171",0.470421928904768,0.738864479736045,0.366780717796806
"172",0.484287556020088,0.832834928429971,0.435909744226099
"173",0.495323066713489,0.814500257731744,0.439191091520709
"174",0.450189715004958,0.910901651795862,0.578684708625741
"175",0.459566275700556,0.795542119395348,0.452589337694187
"176",0.454088001310412,0.928838290216916,0.575226233485913
"177",0.448305456964297,0.768100955543883,0.40270163283339
"178",0.43445544470054,0.792913339076031,0.430325621667588
"179",0.452575538669794,0.828834567373944,0.479605600469459
"180",0.460880498623629,0.778894469646947,0.390208319382255
"181",0.410173962927257,0.698836274988462,0.362732141282255
"182",0.485027871538341,0.82966164997114,0.433375983565537
"183",0.445946154791849,0.795492876453151,0.430310613256652
"184",0.540796726211605,0.845052276761443,0.443561260747483
"185",0.424932701123657,0.793886215311418,0.472749496399739
"186",0.446641748825127,0.842901534270752,0.501997337802367
"187",0.493177347319296,0.875650634232522,0.497827026988927
"188",0.463035695262053,0.795596417879778,0.445099722378381
"189",0.467732478052312,0.722328735693461,0.330436024282317
"190",0.513421588798553,0.855194465148091,0.465247881126197
"191",0.450709962646511,0.785729176798856,0.428485615328665
"192",0.482977309637835,0.827232559856263,0.437554675977126
"193",0.47751802200228,0.788847820646497,0.427345017729358
"194",0.465465919110818,0.929908303772435,0.574439702019239
"195",0.531986382610928,0.77722911240511,0.320354296623318
"196",0.495114779743037,0.921071871860725,0.539674447120746
"197",0.490732635428828,0.809207133311733,0.400764393450763
"198",0.432751764444653,0.805166837441716,0.461937927832253
"199",0.512052166441175,0.841615627154672,0.407469920298115
"200",0.511105659321454,0.865749275476866,0.459411614110392
"201",0.473822225312095,0.921986359922319,0.530415652253277
"202",0.482619718159849,0.810536504395385,0.422702968275545
"203",0.469579344871405,0.84800767385557,0.461469502466369
"204",0.44871550268699,0.729995304969378,0.372718513518311
"205",0.538330428182005,0.858465715281203,0.431738833739967
"206",0.483925515176695,0.781759724319643,0.398110143069103
"207",0.54844375978165,0.8196992879411,0.391396552234756
"208",0.496233377977943,0.811066910626567,0.383919682303566
"209",0.445026347410093,0.828948115251879,0.473775573828146
"210",0.514892799422224,0.853737230787959,0.436182819548175
"211",0.521320184994019,0.890846708699522,0.487024869024122
"212",0.432527445511845,0.825297132743814,0.518568167615011
"213",0.48128058527139,0.994889593314981,0.618573715743772
"214",0.454953478815568,0.745823362209111,0.352992685821469
"215",0.458527937696939,0.657014704139854,0.254837614312318
"216",0.467156745573508,0.820388174200135,0.442306401400814
"217",0.470323856137873,0.797679850280443,0.444644711463629
"218",0.49012584999666,0.82327933109116,0.473982219252154
"219",0.411328886008087,0.756792120172485,0.410599900018335
"220",0.41313810123512,0.555699038907793,0.169925769488062
"221",0.469071264552618,0.795330828028608,0.435937161572584
"222",0.446516798871654,0.739972946020254,0.386027453151302
"223",0.44109832886454,0.829470386205678,0.462288177409549
"224",0.478070831987253,0.829917120113196,0.430304732652012
"225",0.461625949112121,0.755675173932945,0.354435233117201
"226",0.532715474211708,0.831698496198571,0.404987940666359
"227",0.45173525878905,0.854003706228752,0.472148298253925
"228",0.504268746173542,0.809482081722163,0.419377527530667
"229",0.535568791695946,0.899620649181647,0.480363497460402
"230",0.470092574104287,0.912379768404555,0.548979273708264
"231",0.538517396629133,0.954691162060997,0.577364600737922
"232",0.528616683597384,0.78830403126383,0.3329921417099
"233",0.517129192174282,0.853258209988005,0.474260943110167
"234",0.512455184873712,0.961942027983453,0.567194998180038
"235",0.448717039500651,0.807049629922202,0.432091575532
"236",0.47611168502006,0.817901916686368,0.458951171513407
"237",0.504290762249115,0.850509586897527,0.467654277373135
"238",0.475689936818742,0.769291306706963,0.449005552788124
"239",0.479128021853227,0.852616788981788,0.522013169412482
"240",0.524262146136223,0.826998473489187,0.377398319477998
"241",0.548053619263459,0.90338483764861,0.453966421003345
"242",0.523654734877125,0.859760914711571,0.457023111211152
"243",0.505337765876693,0.831049796718007,0.397734264275208
"244",0.507523616907608,0.771806753627857,0.359760239565753
"245",0.504489838152496,0.841232200587312,0.414542650784114
"246",0.537034299104926,0.911602545658145,0.511035597056532
"247",0.473725936293664,0.817946670174977,0.426507009697559
"248",0.420392601737808,0.661907160615034,0.301700131052088
"249",0.496541334855978,0.80848521563165,0.392758689439368
"250",0.48861847522309,0.868771990736835,0.480931093114036
"251",0.490187275899371,0.749726215350026,0.346419349499899
"252",0.440300636212611,0.779742323869156,0.42688637574182
"253",0.499455042774408,0.919854037817847,0.537184065899421
"254",0.432050341650311,0.8750557302868,0.547826486029419
"255",0.438285930020017,0.947226067627285,0.581949737759948
"256",0.526325225991994,0.896969957922125,0.500947566225755
"257",0.446437391515903,0.90129378301453,0.552344839428322
"258",0.515957726475527,0.998555512817479,0.633085064474967
"259",0.53352863458137,0.785129540172379,0.347022062976788
"260",0.500720130831745,0.84810424328313,0.47423479018718
"261",0.444340561262855,0.908659312769247,0.578860882740439
"262",0.517792396669647,0.954908834868954,0.531752040940295
"263",0.477462467678205,0.860141122550128,0.511780420488877
"264",0.531968955726496,0.928373796183089,0.5048510250155
"265",0.487020933784094,0.816742365429755,0.456032711414218
"266",0.465942113863463,0.75853960751521,0.360358597145333
"267",0.461294215503646,0.880190688704698,0.55081222700912
"268",0.525736845206463,0.848882213774928,0.430223910646361
"269",0.528676261632987,0.871510737748264,0.521466092282278
"270",0.427778750491212,0.66229855439269,0.310243264029201
"271",0.485787630422092,0.857528357981499,0.481008648821867
"272",0.463721226065294,0.846441710472705,0.515099568315568
"273",0.543689530908092,0.893451248837944,0.45230248151993
"274",0.469137833140754,0.829719987954837,0.457156009513303
"275",0.533600836783605,0.765528170087059,0.321815064411112
"276",0.470086387228596,0.8922628292017,0.499628018240827
"277",0.444646882466722,0.735476015156047,0.38566159475846
"278",0.497033418371784,0.995015550630503,0.590041710416471
"279",0.500906624769433,0.916772701452578,0.525705050303693
"280",0.514383375159864,0.779857988138644,0.379218098696751
"281",0.461349922580429,0.890359839710493,0.519664759325044
"282",0.451305917524409,0.748182586841024,0.398040634117644
"283",0.513418611456415,0.925438365199158,0.520245046686023
"284",0.497339320281406,0.929190375839541,0.526224738732838
"285",0.444715801731255,0.858725301809858,0.480513506030318
"286",0.468027691289346,0.799041220284125,0.398919217178886
"287",0.461792495897046,0.814378177650855,0.428871842477077
"288",0.49821782821903,0.899296172681069,0.503841462729129
"289",0.477660668236953,1.01155576896058,0.630687549094758
"290",0.471080073999719,0.89370060399572,0.494964005311337
"291",0.538317420960846,0.909982244632084,0.495879720196672
"292",0.474349728906142,0.84755144550164,0.487356577511028
"293",0.523442652013857,0.954128093126714,0.563318878538529
"294",0.476498054908167,0.872684076849427,0.465031182690482
"295",0.429790673061091,0.853511371209478,0.53127974458846
"296",0.499696268311879,0.91361272497938,0.551688786171338
"297",0.481730888536151,0.826152132840152,0.46095556773106
"298",0.505123619927072,0.9339455005015,0.508757414620746
"299",0.470224620427168,0.768031532441273,0.359711572463672
"300",0.446573378847924,0.863441408572295,0.525356666561182
"301",0.495105100664355,0.922214611240514,0.544320377931128
"302",0.503391786159354,0.906932039979808,0.514870566672547
"303",0.473710378616365,0.865087172381091,0.482305640983154
"304",0.442995814542856,0.837489408945562,0.455942464356773
"305",0.491370913779743,0.859920396676622,0.47259220568071
"306",0.477225465309941,0.792957508255877,0.40039289234629
"307",0.49435241236581,0.893829582322823,0.515098623689255
"308",0.467667078133952,0.815943771531753,0.423855241586691
"309",0.47432900457926,0.779641720163116,0.412484914489197
"310",0.493080567907782,0.842336185272964,0.468296497314495
"311",0.480774748029264,0.836723242251813,0.441576792353657
"312",0.482751891471717,0.788695380361656,0.399183052536611
"313",0.466430620502613,0.786801413934246,0.380245222730357
"314",0.475978894676335,0.937731646621397,0.547611209372232
"315",0.507761031900032,0.877395766364642,0.486274349694153
"316",0.494989158652692,0.940441031541371,0.567496032841536
"317",0.449350383874992,0.856969578554989,0.475999064602962
"318",0.441505928474301,0.826515529532557,0.527945866547117
"319",0.442820168037353,0.794829102363077,0.422819825921225
"320",0.478653427883633,0.938650224569225,0.583840549524254
"321",0.536694970958602,0.870374444466766,0.438076744143593
"322",0.528814691075514,0.880657500585478,0.505018510668141
"323",0.449610241335787,0.802292344966061,0.443824106839612
"324",0.490698220620718,0.876123866864121,0.490550211649226
"325",0.436528377677753,0.768002083837109,0.454514440898726
"326",0.445754514099821,0.746077173006509,0.360458344159328
"327",0.492858811953998,0.816353220874509,0.386582148557662
"328",0.46327758311231,0.850519644273867,0.502850719070118
"329",0.46388139428548,0.798898536185522,0.467357237136222
"330",0.488815260203128,0.807752333078665,0.402831712326357
"331",0.441771865874471,0.756159473850028,0.403226351503056
"332",0.538171830709634,0.767459223128347,0.311022113955667
"333",0.459811132775932,0.858921968072802,0.488706525725929
"334",0.447847478922072,0.808110001284487,0.439460735282258
"335",0.460581476756556,0.883872965704292,0.566173316602143
"336",0.534876865994255,0.921677428967837,0.50345947566068
"337",0.467383653454376,0.793825948377895,0.413928798347908
"338",0.520269065433202,0.936855897063702,0.542311734587518
"339",0.491848933725818,0.896413392253832,0.520199388521807
"340",0.471955191436146,0.81596547787383,0.448622167239492
"341",0.524656513992766,0.84657914482515,0.406738510813189
"342",0.485248526743539,0.885531841839991,0.500268302842989
"343",0.52172836632655,0.955727976848312,0.552906807310563
"344",0.447548823938906,0.836002306181687,0.482422709866493
"345",0.467759666443764,0.765827275965977,0.337544775036799
"346",0.488369556527937,0.819313049731621,0.413290576658257
"347",0.535978564643173,0.88244798188297,0.470964459213099
"348",0.411513974679977,0.812457350053264,0.485381236386158
"349",0.459290551517056,0.837792908410456,0.483855349039184
"350",0.480561847063396,0.879187389127511,0.508736755112215
"351",0.478612144032474,0.798469660178034,0.423165606116035
"352",0.455059987535046,0.849392439174741,0.512609864504431
"353",0.554650207978536,0.947819465835144,0.502175579754571
"354",0.485470221968901,0.744358627411865,0.347692338908141
"355",0.514739204040227,0.766567547688648,0.312194922709347
"356",0.503435871086841,0.988826634391795,0.591485858140493
"357",0.443956578039885,0.748572603899687,0.394675621630495
"358",0.478275087740396,0.840110584226154,0.4328393384365
"359",0.51015643000587,0.870280363151593,0.497312772339343
"360",0.475021043240069,0.928442179286444,0.582757017753149
"361",0.465331842282951,0.75466372397579,0.378787461335054
"362",0.461442696622537,0.856747454249524,0.473493072631207
"363",0.463843334207568,0.905846254458022,0.569578983890344
"364",0.495173744532134,0.862650354266332,0.488786856758272
"365",0.457907707370734,0.821674051196179,0.448517110242072
"366",0.467104918328848,0.857019601534814,0.479471139444356
"367",0.507011966402909,0.80370475038884,0.39970158012498
"368",0.497655339148247,0.798881690415298,0.398061697447618
"369",0.558560015009112,0.945817600467688,0.513143992167467
"370",0.494468266189866,0.854992453469779,0.44812439814239
"371",0.460103206390895,0.84133179755231,0.467666327649121
"372",0.471053144474893,0.801153782551846,0.405281837496555
"373",0.393092956464465,0.672707896761225,0.337455239095728
"374",0.422606019372179,0.779550640584227,0.437494065925959
"375",0.51493035770454,0.832715906178679,0.421450428756054
"376",0.465640018095065,0.814498562017536,0.490363895999355
"377",0.46033414867585,0.77352068226077,0.37853302643213
"378",0.500783238457404,0.858005523161211,0.492085085391871
"379",0.493873966194895,0.904285776025542,0.51356659867827
"380",0.461068351992333,0.877653319161113,0.489673321033675
"381",0.497586360018672,0.817633794573868,0.412554115977062
"382",0.468370437867309,0.80066745929479,0.417303975875805
"383",0.485021675289756,0.770859386077915,0.385098161716106
"384",0.498472625233881,0.840906162734508,0.450835386288947
"385",0.452525750569656,0.831160967503104,0.480838017682312
"386",0.429982473894179,0.796855800215569,0.434642268853911
"387",0.516760513600847,0.810298438527646,0.413800105617228
"388",0.433116370152011,0.744676914990475,0.392777052436044
"389",0.452466719948113,0.849681497991499,0.51214843578726
"390",0.487686395692712,0.799173938364362,0.39050856132335
"391",0.433633082441083,0.778594783860518,0.438913542410231
"392",0.489131974916887,0.785200496100583,0.393376024158257
"393",0.516716254232447,0.907910866013338,0.495113832173489
"394",0.515983900102309,0.808732531638561,0.392187378618307
"395",0.481710566921445,0.907888422312071,0.480161181417178
"396",0.447185612337056,0.810664254764709,0.444846388674834
"397",0.474136559403662,0.852155620670972,0.447186119274787
"398",0.468502376519991,0.807875393197583,0.426663279942712
"399",0.499690459982744,0.776988978003555,0.341944650742583
"400",0.417712637553052,0.794471354949432,0.438678822372926
"401",0.469621531171589,0.794717327586318,0.412513634612198
"402",0.496070737811176,0.877250623257024,0.456101122207589
"403",0.490074406746039,0.922737311389583,0.551962548401464
"404",0.447108970501363,0.844121741777569,0.483035315241929
"405",0.447483710187725,0.882027997431113,0.539663528016898
"406",0.524019872951034,0.942342102960054,0.508277871767387
"407",0.457869706575355,0.737458682413867,0.35765409546199
"408",0.451962061879397,0.750623972218133,0.390922026500418
"409",0.402170420591562,0.74377925299959,0.397413811024759
"410",0.421873898092393,0.718062840454945,0.384361956282723
"411",0.44050935882142,0.679322887043398,0.310331052018183
"412",0.433389380733823,0.675659621259731,0.304039782732798
"413",0.453865809590116,0.77080252737396,0.390453212769976
"414",0.447184023895454,0.721475402756088,0.350615502490938
"415",0.480727201875504,0.890821377152311,0.518813535856517
"416",0.494371316675056,0.793471081966814,0.394469741769255
"417",0.512569118979196,0.813033191388193,0.410677561635123
"418",0.502265330595203,0.807008508926353,0.38221294945155
"419",0.530071990040235,0.896431467368988,0.467499513308489
"420",0.502171221975142,0.965470146627634,0.554625056807187
"421",0.46681104254511,0.752434149288492,0.363768760134147
"422",0.525813807264246,0.789244418527834,0.339924859048101
"423",0.503233674803843,0.893188326848712,0.514951582235864
"424",0.474740551036579,0.804704210103599,0.44928583390974
"425",0.48520053048272,0.81435141901212,0.425386313449857
"426",0.52034385221472,0.850932286180549,0.43763349610308
"427",0.501304464361609,0.863454480470154,0.472864457993587
"428",0.453049528444401,0.868852076708847,0.529410427292215
"429",0.44896490234778,0.801688305499756,0.441839014127921
"430",0.488401094216896,0.895692950868727,0.503445383474633
"431",0.520643911129554,0.892139036397505,0.502483402816864
"432",0.454720573459453,0.894027431271262,0.51698249852701
"433",0.484966446190778,0.911526009296267,0.568870857864542
"434",0.500103198015303,0.768661694086286,0.367553668427465
"435",0.4821286659817,0.818080292234625,0.44036479896083
"436",0.495442675089367,0.861660255735787,0.477837046089089
"437",0.497911739452793,0.773832538728334,0.365746795755265
"438",0.523599777899815,0.903114497283601,0.484257368519323
"439",0.413461464198378,0.732679855532461,0.413133118184327
"440",0.530665730806582,0.860096069528685,0.458821110311438
"441",0.47471308265495,0.869581586790723,0.492859936501166
"442",0.510392900114457,0.853146528734446,0.470423166584488
"443",0.484410209033914,0.772493100918517,0.371340158558902
"444",0.468070821593837,0.809039210659671,0.422798933858078
"445",0.47624419656223,0.848629037677665,0.477227691813135
"446",0.491877655327754,0.848712070476693,0.450973366099481
"447",0.513706804751632,0.854138392312263,0.430193407909185
"448",0.442510510778091,0.780808221966002,0.424574472960133
"449",0.471371699295972,0.862333346993645,0.487986917638458
"450",0.429581933402919,0.652847567227682,0.285901542068399
"451",0.48551175631338,0.877229573626128,0.512039149832649
"452",0.476207813666322,0.847474621277335,0.460717527030026
"453",0.461414956757836,0.811146316248041,0.443369599660463
"454",0.42823893214455,0.771609559203521,0.474806108828612
"455",0.456527647519505,0.8308591483526,0.505020205124641
"456",0.491276229362928,0.844732964858133,0.453268222078985
"457",0.460623045868613,0.865579619166905,0.527213370700873
"458",0.432152611775682,0.799691541257884,0.440847639778765
"459",0.534207240163333,0.84617377772196,0.424660007182451
"460",0.442642951784592,0.800527146515783,0.413951581173292
"461",0.504172063079926,0.90683574664244,0.525113713021591
"462",0.52509471886796,0.905896855829308,0.548141353252656
"463",0.440551104602951,0.823126814482646,0.446355009622072
"464",0.463972718906548,0.855887659615903,0.472746606095355
"465",0.49637053884791,0.819630777105479,0.41885355215457
"466",0.485345949567011,0.884232035836419,0.495487961739006
"467",0.484949638657219,0.902325280815544,0.545781002552311
"468",0.486659849636424,0.736367509606681,0.33196040402685
"469",0.507896093603578,0.790416586691821,0.336525333507014
"470",0.472487392172662,0.722771149405698,0.318967198735922
"471",0.523750219714828,0.879624207646603,0.451385358127057
"472",0.449014582197297,0.789126901852514,0.420665064607376
"473",0.493757155268714,0.802470399850685,0.414371932157939
"474",0.456587502620257,0.811914578121637,0.436933146776245
"475",0.482171822033272,0.787727571003204,0.40606359446236
"476",0.503271674476877,0.923164500503057,0.486580102411842
"477",0.47980748852643,0.842963991084708,0.470341505267926
"478",0.422052949923518,0.886739092301492,0.562975441327744
"479",0.489577250802054,0.934955186652487,0.534097156304386
"480",0.504033918942268,0.860411763363868,0.481377747395928
"481",0.454911132708708,0.764415508541694,0.367335415251046
"482",0.487144452694348,0.896493567485617,0.48386196752116
"483",0.424837834597713,0.781134074435734,0.435721969309552
"484",0.444709387123814,0.76125227036879,0.44159988375375
"485",0.475426928374272,0.820893509257538,0.421169172337769
"486",0.504842551769934,0.849511909190688,0.448321324928793
"487",0.525035756781747,0.823084214340416,0.399338814337374
"488",0.531316465922304,0.833244036793351,0.395044845139566
"489",0.479526117410715,0.856341930252254,0.446272844902643
"490",0.47007068086009,0.793914553680571,0.401854589648713
"491",0.442772714106241,0.776847708863226,0.403494733355148
"492",0.475740446039694,0.905246051105995,0.561364144305804
"493",0.551042694167721,0.932951408845921,0.512770461459986
"494",0.485730268981028,0.839445683059223,0.444321092418393
"495",0.513324879316911,0.86188081746577,0.427596662116405
"496",0.421574657506054,0.686902616240183,0.359571005823122
"497",0.474413870650363,0.880792321963539,0.548150538478752
"498",0.522162783554648,0.889503206804434,0.475568051841436
"499",0.476973140853935,0.845283934418566,0.482010535892435
"500",0.48933480022533,0.88713461174867,0.551061953488587
"501",0.443431812281484,0.712370758476725,0.330260083810702
"502",0.471639714566487,0.816656093538069,0.440050489331484
"503",0.513624595422851,0.839101762278543,0.41680845952761
"504",0.494057596298787,0.822259636487844,0.429374672412269
"505",0.517023761570455,0.953331864865526,0.578718330126796
"506",0.531410457366892,0.857881936502049,0.410537244136323
"507",0.497099187851872,0.823504054529852,0.458445030908545
"508",0.496207296732763,0.89099629529437,0.525812360343989
"509",0.518495383873561,0.792334266048764,0.374409765973612
"510",0.476832064105739,0.809963573138486,0.424078165559285
"511",0.441943997034826,0.86449424668071,0.511017803996428
"512",0.459373587929967,0.857833568774097,0.493760723031111
"513",0.462359055643182,0.769689907564413,0.42870835800829
"514",0.520317703179269,0.883724299063674,0.450843938556611
"515",0.462765149999121,0.866131253535997,0.503393294779054
"516",0.520576521100159,0.820349081670046,0.389111481715378
"517",0.424974572750767,0.78354412936463,0.445413794839333
"518",0.452625893108728,0.838615761115324,0.494410887605193
"519",0.472306768418602,0.744244325901929,0.362798403147554
"520",0.530838311444995,0.860926188215496,0.4214115065297
"521",0.508438026722347,0.835599207319786,0.444966338934358
"522",0.453548811932972,0.833543946733926,0.483527098979929
"523",0.521087063889487,0.933810021710008,0.516026391038304
"524",0.46116122473698,0.862487561447161,0.486391905128529
"525",0.483198307541601,0.872335902933069,0.496067257062361
"526",0.44139717365468,0.726973744134303,0.368262760410362
"527",0.476985721448659,0.832541687802211,0.444742263120261
"528",0.50484878968434,0.844389304016133,0.418493649074138
"529",0.461561865787686,0.8177810340442,0.463487779186005
"530",0.449990529189354,0.815279527525165,0.448966160711602
"531",0.514681441210255,0.847635496001721,0.434973975810239
"532",0.531992594716714,0.882272000932368,0.458462905968218
"533",0.491596527366769,0.929189944263458,0.538569575781177
"534",0.471634198719073,0.80821293409585,0.423677436160347
"535",0.499812180120475,0.92278243808972,0.544430374970603
"536",0.512267410639855,0.934890350703125,0.555095468060742
"537",0.501193738446524,0.834040671169647,0.432143188553074
"538",0.467095562814816,0.797681618051134,0.425048149058595
"539",0.482258730925654,0.850561001839581,0.487997228507194
"540",0.476623614016134,0.916665570123881,0.539028283565482
"541",0.427548251545207,0.822776136786112,0.485436251953177
"542",0.473813666365625,0.759575615003531,0.38135406611892
"543",0.516843475948415,0.907678251600133,0.49841476557244
"544",0.57750144961393,0.876679464852639,0.430303286065343
"545",0.525633708910164,0.845623700485813,0.415654882022675
"546",0.475068138757361,0.834433912714388,0.449856647332292
"547",0.484478862867953,0.854098607209428,0.474234035153655
"548",0.440056027388482,0.751638383670848,0.380178208585129
"549",0.464344576039843,0.820656045250781,0.438639741838502
"550",0.483220694483757,0.816045664148251,0.408407669576491
"551",0.47867271823982,0.811062866752554,0.448951009772326
"552",0.451068480428184,0.827844787521105,0.48433640280096
"553",0.499064052340165,0.872382562985504,0.484869467385347
"554",0.414911970912492,0.727198680798174,0.373944465059467
"555",0.555623467210991,0.886867430647355,0.456467876522791
"556",0.438474505875386,0.704922611229975,0.338375302214663
"557",0.473760313781112,0.852747124887713,0.46835684479925
"558",0.451288567482717,0.730926358081544,0.364338814034047
"559",0.48905991299716,0.842166650917034,0.431859054509461
"560",0.544798820336298,0.885965810561407,0.445468628944802
"561",0.456720152568877,0.857319929581342,0.479975295075314
"562",0.526958174667104,0.877108880518729,0.443103218305388
"563",0.465213024930475,0.73432916152151,0.325976435562192
"564",0.446711160125165,0.796978472391049,0.416857177068796
"565",0.493043894165872,0.887918474851652,0.503181012935864
"566",0.43203210721636,0.825358395996536,0.493014796622201
"567",0.48784387657153,0.787059769575752,0.394754759042057
"568",0.432252269274829,0.629831778297232,0.27874674258539
"569",0.453990153078462,0.860812979763012,0.539964425624842
"570",0.481887183342484,0.751526157403063,0.351468315146433
"571",0.493948369690186,0.907893123415099,0.525552800328668
"572",0.463136599219905,0.848586332394909,0.475458323842137
"573",0.521816771436026,0.896146478971507,0.489530338083648
"574",0.481234802078445,0.760527084749781,0.393499277201355
"575",0.48474558845795,0.855428824400775,0.474833773305552
"576",0.497908333589921,0.837322564307759,0.462409324672981
"577",0.412226612156179,0.85748820474687,0.530354198471659
"578",0.409323953871526,0.737444953558637,0.458705383228291
"579",0.44760911299874,0.777229241653549,0.416715691811141
"580",0.540671439115177,0.876359144081313,0.446520340994884
"581",0.486551383486908,0.822644409488178,0.41512409402203
"582",0.511777016143712,0.885198434035763,0.475335500910774
"583",0.480957959052043,0.746671819319887,0.335620197412738
"584",0.43488723397316,0.821427906269969,0.459538838653828
"585",0.534046346922671,0.915531941804007,0.494506478267709
"586",0.489562733361396,0.83158317817783,0.425051134889145
"587",0.50762500378865,0.922074801696955,0.536511703553281
"588",0.456373624675411,0.867768940870258,0.492114286057364
"589",0.468845449309537,0.932114375488408,0.562081497863852
"590",0.479722619825084,0.920402761866775,0.581676364099513
"591",0.519349034708089,0.844507763362761,0.436899011459329
"592",0.467793345060936,0.938664382379988,0.584223676012612
"593",0.472849280160867,0.772473439625659,0.404928244484013
"594",0.498871334348657,0.865864695265196,0.484111622931897
"595",0.474049269893467,0.79736949970229,0.425499068807447
"596",0.493898301316044,0.772017499834134,0.329119015126618
"597",0.484658189879643,0.809601454161314,0.41712258543813
"598",0.508367732102403,0.842800862014278,0.477469680782484
"599",0.464206518326062,0.693982365540609,0.288266029012031
"600",0.490230202173213,0.891259137039382,0.485385598327152
"601",0.51565839810212,0.889440801657164,0.509847578607611
"602",0.470797481215431,0.805102230730388,0.486809772433013
"603",0.4349456218625,0.752838433310465,0.431962874217908
"604",0.479488087711069,0.836554411128095,0.435124861926757
"605",0.426375795467609,0.771906717730807,0.434764177338569
"606",0.526136886984434,0.85475263606705,0.445880537883478
"607",0.469893258858514,0.855410759423981,0.485239724658827
"608",0.470376268980012,0.799915770516146,0.414158157743492
"609",0.465625788131364,0.913917370727659,0.502242118949167
"610",0.430816218672887,0.692975925560133,0.335835562784068
"611",0.497074807622114,0.888353398079969,0.508161435249952
"612",0.445799572599584,0.747306464441593,0.367402883480339
"613",0.441324295815446,0.757893334827892,0.398639776230754
"614",0.434046928284788,0.792905531929362,0.446050412502823
"615",0.441776502891129,0.778683206200608,0.415665212581031
"616",0.513859939424642,0.854647810170369,0.459304827865027
"617",0.514880745304457,0.952360133043315,0.562287194594787
"618",0.467537848710737,0.82960800418222,0.448521247191554
"619",0.483369965598337,0.783192250238489,0.427709456206975
"620",0.509326377129906,0.902209041835294,0.542009039335715
"621",0.503866716622728,0.865046055082433,0.4725781149387
"622",0.420578825620438,0.799346601822591,0.465083623891075
"623",0.454506660587878,0.774726072462016,0.416634955472094
"624",0.487196662916514,0.889279871089773,0.501129255424999
"625",0.518083929615837,0.790277337500362,0.36522602688068
"626",0.432771508066299,0.749797656584739,0.401071263344397
"627",0.460768781680221,0.844614630945042,0.478289020496634
"628",0.505293847421312,0.83407828442812,0.467257242592385
"629",0.497292098414099,0.809668958246502,0.416509214761107
"630",0.562675106098467,0.914481847266266,0.473164047092311
"631",0.552007108631399,0.95492020310655,0.537260262345015
"632",0.458500749182763,0.877591970467265,0.501796212763608
"633",0.452745858155398,0.853387781787044,0.500448785147214
"634",0.523420903534666,0.861054868382775,0.41033704988273
"635",0.545987061285154,0.859148928609428,0.396673799686898
"636",0.488433074554063,0.955576530430479,0.541720043491765
"637",0.467440434374767,0.881781579721232,0.515940361168238
"638",0.520966880709894,0.875670593137169,0.470068557431378
"639",0.450635934528176,0.820960790676565,0.44883749460142
"640",0.432289455360377,0.694093899952189,0.341008485741018
"641",0.443310537867047,0.695551793132608,0.306047978274419
"642",0.41671641834974,0.773275512446964,0.469926959795099
"643",0.514761708997687,0.824115264406397,0.445097711271797
"644",0.48638549071777,0.864084151127743,0.46980943662368
"645",0.483864124155796,0.828681956133227,0.432067754371741
"646",0.479984063758899,0.853281036352495,0.466146243961505
"647",0.515815655420341,0.898713927060089,0.482513399086873
"648",0.4564470672707,0.884478235687111,0.512362836436668
"649",0.454331718573853,0.762338114340704,0.401770671230087
"650",0.475165976978406,0.789541812954515,0.416806939534769
"651",0.500078250999356,0.870424961600128,0.474463514919176
"652",0.533862075174229,0.873485469727901,0.423527071397941
"653",0.458501807992928,0.859280417773225,0.483443083438291
"654",0.427846702910294,0.70329690843999,0.349356319252147
"655",0.427208726474149,0.715422840802175,0.341248026871136
"656",0.516465726214846,0.818002555013488,0.42764874230597
"657",0.473887094094077,0.780893754356892,0.411149318825409
"658",0.523923165433762,0.937073711377815,0.538041512643854
"659",0.483377466931593,0.728921593934699,0.301675275781075
"660",0.511697390668792,0.918167217119848,0.486295422331293
"661",0.48837277075181,0.760087118934177,0.322520553260524
"662",0.479606407406421,0.820997871157707,0.452647336753368
"663",0.409771780608259,0.679616430488748,0.311572945903944
"664",0.493932209116339,0.844649969326156,0.418124023792137
"665",0.510437378682821,0.892552190732955,0.502254584718376
"666",0.434263924392175,0.819298165139541,0.495385098183138
"667",0.489943807564005,0.790741476721726,0.390417249965582
"668",0.402044543180211,0.69747486834998,0.369165293599492
"669",0.478435573283242,0.856703419795347,0.450034692728063
"670",0.493523697638118,0.819338824890155,0.441595240770009
"671",0.446638396406486,0.793179548743087,0.450126412866493
"672",0.457060153540591,0.791821192131999,0.441237074111903
"673",0.537825826967323,0.85460249232171,0.447826823510612
"674",0.484546034104416,0.817393937192632,0.427933170802997
"675",0.513566393114243,0.832169434835708,0.411706091364976
"676",0.457483143526773,0.739753911690146,0.339941332106889
"677",0.47502344217488,0.78082934625291,0.402239614931543
"678",0.427269067350845,0.733486829706578,0.367569585352857
"679",0.561781256356951,1.01510750643876,0.585220755196904
"680",0.443394119405598,0.723785891867206,0.316204799222512
"681",0.533671557299803,0.927697817080186,0.498909114112701
"682",0.466675783154693,0.817253199927293,0.453849628382992
"683",0.519943875456201,0.901156658439023,0.514842166697601
"684",0.500725385214473,0.876551216636849,0.496309260813293
"685",0.456002011767257,0.721399483382806,0.351321751931449
"686",0.444580908886998,0.727305590288307,0.335677633320231
"687",0.466723187507488,0.838325721761715,0.475971701403801
"688",0.496878510003182,0.807925241417617,0.429238459249098
"689",0.521533160597169,0.777435808124711,0.349255708514323
"690",0.488130169863974,0.961003109362143,0.553692556454254
"691",0.456943430306008,0.766975663733032,0.408851241362414
"692",0.50117154169526,0.804061341991413,0.40864006033067
"693",0.502097312453818,0.858360058701496,0.48840391515838
"694",0.537375689171421,0.847215673793304,0.431035469754246
"695",0.504994670644143,0.969672803676909,0.553315801642933
"696",0.440191426511313,0.811482584388626,0.471895517449556
"697",0.470004254668302,0.911493810024358,0.569325496114985
"698",0.540655553628721,0.851915037627223,0.426182370372204
"699",0.440381109119051,0.829699063894533,0.466955305195613
"700",0.506564939256137,0.936342261445163,0.510759937808132
"701",0.459440906772158,0.839309358482511,0.497164413333904
"702",0.516710540467514,0.789043557966691,0.358592516466239
"703",0.482932724382107,0.880633844565717,0.502824660785178
"704",0.542131628911182,0.958770175214304,0.590039077249967
"705",0.52012177298375,0.938273096620393,0.546861640310407
"706",0.516387216029877,0.86958029017919,0.434111029368643
"707",0.53031553605291,0.876460856504413,0.423334439382909
"708",0.485779469293019,0.799638286503822,0.384303770599865
"709",0.469992827189721,0.86356540430554,0.491423456633792
"710",0.476579960057354,0.74688349880517,0.342114764172011
"711",0.485111660946324,0.788223033292587,0.382381884447634
"712",0.483664008668097,0.819862382301776,0.427072947435843
"713",0.524139240517179,0.812555058929178,0.387740279006908
"714",0.494624367475536,0.899572752060122,0.530096542679333
"715",0.482213666701303,0.760854865819305,0.359350140075977
"716",0.451603348419799,0.85230984427941,0.494024562741206
"717",0.509271751259267,0.831681359784697,0.412384578760838
"718",0.474279291194312,0.761573053283604,0.355931080937429
"719",0.465477676933762,0.818625099282289,0.421357355600564
"720",0.433581998018328,0.767357770983392,0.410163229445824
"721",0.487553493201153,0.829855786442185,0.465577922214268
"722",0.48777638187477,0.83672164265854,0.455740078608625
"723",0.451949499943685,0.871590619846953,0.52888217454915
"724",0.464418204359804,0.831528179255698,0.494016345632018
"725",0.523171692892847,0.946390622372409,0.54307815836163
"726",0.478849651106018,0.85288771880477,0.48307787044714
"727",0.475927216189027,0.768722529980896,0.388577545729356
"728",0.525136654121116,0.898199800026826,0.476461840719447
"729",0.495866857050497,0.933778813912984,0.520430709233629
"730",0.495334009417664,0.736684971897862,0.297135959607795
"731",0.47554773049067,0.893736122146105,0.484993313270819
"732",0.446106839046641,0.768483000426232,0.418630127746743
"733",0.486714728213335,0.871611062507838,0.473379106830841
"734",0.534118806116705,0.878160616902288,0.450351618677214
"735",0.499453696134491,0.886063552795856,0.510986876706346
"736",0.483407907683892,0.807326750134059,0.41817062467726
"737",0.464250519788354,0.805034859692797,0.417392768495167
"738",0.515950887600148,0.793718604376669,0.417497279880922
"739",0.513178696395846,0.901379859970736,0.493470739239088
"740",0.426534987363211,0.729453480163445,0.419320054905071
"741",0.487865155682319,0.798502562040965,0.384724128519365
"742",0.544177102966086,0.846451069255457,0.417815709834085
"743",0.470483961443649,0.81680479252712,0.484297185060592
"744",0.469428828121173,0.85769403496914,0.502966713051255
"745",0.466126028855444,0.764821993899505,0.39342158589474
"746",0.504833340232303,0.791465973667326,0.361933901769098
"747",0.466936681895468,0.783451379729385,0.378995517187803
"748",0.549417044153801,0.886496739553188,0.430156046642219
"749",0.50293945429643,0.953567687811387,0.568720195807442
"750",0.436911500127478,0.818182330707621,0.472527761933607
"751",0.428805542015896,0.754262367385938,0.443578655827737
"752",0.443473929741194,0.757623242434912,0.411586152390702
"753",0.441845821479237,0.728392998147257,0.32502481430985
"754",0.467225348871766,0.827479941215295,0.465929309758924
"755",0.527643080682379,0.945853142102169,0.557167362129349
"756",0.456775607607221,0.837350540639886,0.489037165165825
"757",0.441373695602468,0.822350288304395,0.465441230808264
"758",0.526775394746082,0.833794334511974,0.371590444433697
"759",0.51766110378765,0.868589065779037,0.458389651894188
"760",0.504706569343772,0.772321345524052,0.34999433040868
"761",0.45822771045666,0.773606142584131,0.374633387478635
"762",0.486052218185799,0.893277470750492,0.554027741806598
"763",0.425696948681884,0.739271624469339,0.430767826956042
"764",0.427727638029212,0.679573844586167,0.318363152753178
"765",0.473588362902405,0.830808007936129,0.426445017059446
"766",0.470215542211088,0.74541426623766,0.36257360228271
"767",0.466952318102,0.751628100191603,0.337675054488278
"768",0.464984414667312,0.72710723211348,0.35033456552972
"769",0.416846391387386,0.674229599349462,0.32253821787332
"770",0.485246483784171,0.88894923302249,0.533618465407377
"771",0.456295363968677,0.771841642092388,0.406351542564316
"772",0.559323268999236,0.912652166781632,0.478466678869165
"773",0.498540823703407,0.871636052607832,0.495297634209925
"774",0.512306872056435,0.818571805688279,0.415957681433863
"775",0.431173159091688,0.958989722328859,0.604191552482856
"776",0.448614119844531,0.772722922800351,0.421241331809979
"777",0.555443584178481,0.800798416982361,0.397547729195496
"778",0.508821891719922,0.889807310851332,0.496668797112563
"779",0.490896649883364,0.855723550555766,0.477116584176909
"780",0.45881429130831,0.809361145599278,0.448802417981585
"781",0.469948331121126,0.836121311545369,0.451239750105574
"782",0.52970723414048,0.925218137106424,0.495207701890529
"783",0.464779853486878,0.793869887294055,0.405020513445469
"784",0.474978036137497,0.82403338718584,0.457273449623503
"785",0.510374230338092,0.885060112131967,0.453038333992592
"786",0.555600664983517,0.867525795652361,0.416479672566251
"787",0.451798432817477,0.787067241488692,0.399068159674086
"788",0.494674460398243,0.84129917786503,0.43064303208585
"789",0.486993797786222,0.817420241697321,0.41505475833193
"790",0.523242927941931,0.84526751180984,0.430145890349026
"791",0.576526930461529,0.798828387839723,0.322264351339961
"792",0.46969938553827,0.836679661498384,0.443111911011059
"793",0.499907021429596,0.837105241347265,0.467797034700054
"794",0.467368847873451,0.884825802315919,0.518120728198464
"795",0.531166415610481,0.850845583225065,0.406986533676877
"796",0.481464359071664,0.840615404692775,0.450622586416554
"797",0.464666478653278,0.894336194303567,0.527756414999856
"798",0.543446712661768,0.891488706265851,0.444479361706349
"799",0.41971545469923,0.69806402591518,0.361032776312734
"800",0.512913903835219,0.947829218838441,0.542471707879619
"801",0.526796427787615,0.853029573934107,0.448606484985583
"802",0.493406310683132,0.943192797628068,0.546232008075023
"803",0.49085918259829,0.82793632780238,0.428032913808286
"804",0.47821649897812,0.843964284094406,0.478207020309365
"805",0.505927516252711,0.867615471942754,0.442839877196769
"806",0.469262188872885,0.871745336090551,0.500405689661279
"807",0.519314964825166,0.813903028746755,0.373423115748568
"808",0.441688645570528,0.796467406976647,0.452947391935289
"809",0.477952747219987,0.932897982688078,0.550088708390645
"810",0.436665455297111,0.805899212533842,0.453975501017512
"811",0.428929374449774,0.771147015498414,0.452532372012747
"812",0.538060697207478,0.963108330299489,0.553159119269143
"813",0.477933314835192,0.846816400653752,0.467201889393242
"814",0.4774041283728,0.814875737772835,0.426527317156751
"815",0.510704849696243,0.761370812313931,0.316841038315694
"816",0.463123020433975,0.860513967648297,0.500103576808716
"817",0.477147697192899,0.917131267462241,0.545121324787088
"818",0.431469962310802,0.799881810189902,0.461681408511895
"819",0.487683707626837,0.869143952899051,0.480668716314073
"820",0.535116498063719,0.891354218099036,0.467764868467089
"821",0.440010953245018,0.725393804987022,0.358304744094262
"822",0.464732917910991,0.729163773465356,0.36127404836776
"823",0.454466047945439,0.841103828330093,0.490562914631728
"824",0.429633656580253,0.734025918203844,0.39816745789592
"825",0.493349837967374,0.884371068483855,0.520456559364911
"826",0.480288617034018,0.910450567500527,0.562454156895828
"827",0.469066889010631,0.863285563554123,0.512642012152804
"828",0.435935210968458,0.770500276449464,0.411170580606968
"829",0.503554877892735,0.868223874121098,0.472315720392529
"830",0.409300738186858,0.69834661781344,0.363735968122417
"831",0.48061703572646,0.764896627442148,0.356200503181017
"832",0.499652861507594,0.861163685207235,0.44522689762781
"833",0.45677924859238,0.864756808168755,0.509955290671223
"834",0.496192048979158,0.905984515654906,0.541659419770935
"835",0.486043512097368,0.84099615702204,0.43486350218632
"836",0.50099275968274,0.848282584698917,0.443718204737994
"837",0.517077339767892,0.922939625628386,0.518315684107413
"838",0.480818551329471,0.862495435293037,0.449938334552579
"839",0.422523552425504,0.848140714001518,0.480098244863621
"840",0.433460452008337,0.863590840584347,0.510154883362429
"841",0.500999352009116,0.799276912575091,0.374859427989872
"842",0.464599541808937,0.868376053295448,0.530764694740442
"843",0.489666643770972,0.809208453005124,0.418217961258915
"844",0.480578623321644,0.989314479314096,0.620333804236223
"845",0.441033112106765,0.785738600158469,0.438712946429008
"846",0.468208959609387,0.741537435375367,0.368907083848742
"847",0.553756028442133,0.896986691813133,0.449276523891537
"848",0.460653981401419,0.870479256023882,0.508574485374345
"849",0.474226214346747,0.764839054505744,0.366066707607228
"850",0.504025831923761,0.899233520451975,0.50765995900597
"851",0.548514061075622,0.898912730944669,0.438820770204379
"852",0.466079011122648,0.890745175389687,0.491956966344071
"853",0.447956661474584,0.76936662655655,0.431673091942213
"854",0.509911704294471,0.866095828019974,0.462304642699161
"855",0.480867995194748,0.829880435029988,0.464839545697089
"856",0.46715416952304,0.886419257805132,0.509225062755286
"857",0.508275534823582,0.882914833855488,0.482299319387275
"858",0.473618826918075,0.903136714589702,0.554676739496068
"859",0.471065755121195,0.818976303697111,0.43894965581627
"860",0.53232406641121,0.846371063741548,0.435163768678602
"861",0.446407372458282,0.783730992940102,0.422972160288634
"862",0.468378423484343,0.886945793984165,0.503659809035805
"863",0.501500349006462,0.90605174965618,0.524130860015157
"864",0.476769203429999,0.778190519139449,0.375079001149661
"865",0.489220417513076,0.834326612956101,0.41907454825766
"866",0.474153016030525,0.808825443722468,0.423236893620146
"867",0.466155921249015,0.812901236848857,0.422871529116335
"868",0.519076293155999,0.832374193790008,0.422802431808064
"869",0.491459181384991,0.770095103285511,0.390946612979137
"870",0.518328536157346,0.901993243379868,0.542011535822796
"871",0.469864634238307,1.00176976215335,0.615547906476748
"872",0.46716086615261,0.835546793738282,0.460825668753054
"873",0.493579530444591,0.875804392451395,0.471075098176043
"874",0.528674342447815,0.853562566646593,0.422194125383987
"875",0.466072689081785,0.799450963606859,0.443031455377181
"876",0.537625541734941,0.775573613342301,0.312889301428806
"877",0.476837052047065,0.880869380284126,0.555888463694064
"878",0.403985769271,0.682315993247012,0.365673425177346
"879",0.44665414242324,0.691862289055465,0.315452322987397
"880",0.529990887852551,0.983124528549495,0.588166473459555
"881",0.477765093224796,0.798518779948173,0.396290172995825
"882",0.484951311295076,0.787598921988751,0.400263698253385
"883",0.439670760552728,0.7442823201597,0.359238841294289
"884",0.457595109327164,0.746372602032313,0.339908331104208
"885",0.511382190783652,0.825208387817902,0.398475333584076
"886",0.447599940371424,0.827827291111486,0.458814554419842
"887",0.537021765236283,0.82410322472794,0.397743335414431
"888",0.408902195179608,0.712029132243493,0.362473509451296
"889",0.461761540695503,0.68797126767623,0.290049259145488
"890",0.510022682627997,0.928870337464168,0.495608115509582
"891",0.501304297269037,0.853901257387602,0.449965106260554
"892",0.447740950236802,0.815226232850926,0.453904288927596
"893",0.546483423777074,0.947438701208381,0.548703574751508
"894",0.487969616415776,0.861406742960975,0.442859582427592
"895",0.510050455106639,0.91489476416454,0.525705947510336
"896",0.462458645786302,0.807048950271255,0.479043102845293
"897",0.536948080204885,0.867600468119914,0.467784901980126
"898",0.440774302649563,0.765250355528572,0.385399910994124
"899",0.473922282702297,0.752173095868079,0.370049927585438
"900",0.461278453501328,0.804731602030689,0.459844533498012
"901",0.489294248966837,0.876867867060167,0.463428370404339
"902",0.515405810363007,0.934999740432024,0.550664045133105
"903",0.536063390156193,0.876550893710012,0.475529319076453
"904",0.460772666220631,0.803956893471663,0.425081523693162
"905",0.469301486179654,0.856322259602278,0.498922154353746
"906",0.563370081009976,0.913156876342621,0.475692295927123
"907",0.464220428253901,0.734124090290631,0.369556790893975
"908",0.479745449961803,0.830650669236187,0.437173561413571
"909",0.421732194989273,0.765739535488884,0.425383970666288
"910",0.548163206868266,0.914375747327495,0.477838906634778
"911",0.491592733540962,0.857457248658921,0.454997701594679
"912",0.503718452678273,0.872795457025533,0.468176347239475
"913",0.485993437786665,0.795590276534067,0.378711449070985
"914",0.442878935675764,0.763178859448988,0.412000206997747
"915",0.478984550206738,0.919579481999845,0.590104676781938
"916",0.474503924223761,0.745515211553691,0.340018573094111
"917",0.482460565170783,0.856604751974324,0.493035847390781
"918",0.523387313597874,0.905394172595325,0.474843519972868
"919",0.469092078019899,0.875529376821552,0.496667519707493
"920",0.517979663242549,0.924349593319185,0.527368846895413
"921",0.53343528748485,0.93170027456194,0.513408050177075
"922",0.518677632612197,0.942962732849212,0.540253625771151
"923",0.508272480795772,0.922028540875202,0.51770486150644
"924",0.463112841239334,0.790385286155708,0.410067681420295
"925",0.43355271577662,0.702522402560209,0.326677868345216
"926",0.456716104287535,0.791993392036506,0.409301139413097
"927",0.488878047976614,0.901576797569204,0.508264296542847
"928",0.562363120211175,0.916648635054261,0.520658576661338
"929",0.507481072961017,0.791938070735284,0.353599501659127
"930",0.486059406469827,0.773647542717665,0.39937938622261
"931",0.460954420916795,0.748326210251635,0.378937535482782
"932",0.501668040437185,0.829057721103267,0.401013613431702
"933",0.521774022245941,0.912087195290799,0.5055326201025
"934",0.474113775720968,0.905052833958439,0.549096333491263
"935",0.469474600517589,0.844546630947277,0.487847106100377
"936",0.473061133207457,0.770821238943083,0.361279941317512
"937",0.495671922106241,0.785460492658049,0.386565810201487
"938",0.510969210004025,0.916545409682114,0.530479980324174
"939",0.489063147094055,0.862625194257028,0.482935230561823
"940",0.498601755349259,0.945763235106934,0.549577579021633
"941",0.497738211880124,0.865900693742373,0.532205326020354
"942",0.438457439508424,0.880919836235855,0.529333182970632
"943",0.54855153175608,0.897332152862806,0.504630377448594
"944",0.473065149287709,0.818424974354395,0.442530843191492
"945",0.433522893164306,0.744998023786727,0.342772215016044
"946",0.45980540849024,0.672457835890139,0.259251511928964
"947",0.512593940374824,0.89097565985796,0.494667404524113
"948",0.429231661585168,0.874512824163418,0.522112700377812
"949",0.516525710981254,0.787368133669096,0.366329149572598
"950",0.457711631613153,0.706987930656749,0.341354147462896
"951",0.471497887581249,0.847776511890684,0.459700255748939
"952",0.410715412833583,0.794864119904062,0.456688577281873
"953",0.500165658864556,0.824794255133714,0.413990552801713
"954",0.46057149823294,0.94169901172397,0.601008826285463
"955",0.514421107283586,0.760946874619563,0.354107952037653
"956",0.527535882516534,0.91665807650885,0.467124340437517
"957",0.546396152564254,0.872248207233589,0.474122826888356
"958",0.448979515685663,0.75813066392208,0.38153417030169
"959",0.496111168400728,0.893905638251935,0.481143871287401
"960",0.443966058727046,0.806867950828138,0.480064817725453
"961",0.450553886156819,0.769932819892784,0.411293349681235
"962",0.423534088273185,0.787451697591795,0.43326849126532
"963",0.470980117950849,0.820128772944081,0.464417766617192
"964",0.538032315206787,0.846523082674016,0.419762549835106
"965",0.428124257559985,0.83254654124018,0.482714463318941
"966",0.528622874316221,0.873316508414506,0.467988620568327
"967",0.47988800008209,0.785290119602376,0.381077387688446
"968",0.456027325723532,0.833972101709323,0.467732610331789
"969",0.486512432838967,0.930306282023934,0.56533175531665
"970",0.477669565027424,0.816450984268666,0.467630408099183
"971",0.450345154714125,0.728646756855164,0.355787824532649
"972",0.477037617461291,0.732036124132732,0.355830007258709
"973",0.449907903641759,0.744688764938374,0.388484636354043
"974",0.507097203671126,0.947125576885716,0.515554208563141
"975",0.495907923620486,0.842340674378164,0.432991808699205
"976",0.468739585640511,0.818930768601743,0.4386407051404
"977",0.542967000009354,0.980315404129793,0.564332229583272
"978",0.478609028298738,0.816713690659567,0.421268960719246
"979",0.428155229778515,0.715566472738842,0.377037579270334
"980",0.459051103745223,0.836846469180818,0.491098184051996
"981",0.455672604185231,0.73112858846307,0.340937576939955
"982",0.535654397898061,0.906736510138778,0.485514986712881
"983",0.449812104207612,0.791506065657633,0.42354040562967
"984",0.540307428249679,0.90636440926497,0.480040592376354
"985",0.497822927156164,0.779204903136817,0.371213345443486
"986",0.486660803073877,0.86760285224847,0.498184506133701
"987",0.518367635465724,0.881549504168959,0.48509352152867
"988",0.458054910082697,0.745258054760224,0.381037314591427
"989",0.448271868000966,0.729886676417075,0.334689878473696
"990",0.473081076291196,0.866466924585336,0.501883742394936
"991",0.509080628017476,0.820279418132043,0.421061927581562
"992",0.515581194681302,1.01849919017602,0.615738476346988
"993",0.505702129866764,0.881797829192441,0.524059099721935
"994",0.468506253951427,0.783429421494542,0.37576300263085
"995",0.419717665970223,0.666523989105929,0.338194428460141
"996",0.514906457441096,0.891707687428195,0.491516764871932
"997",0.471469482474083,0.825571301951799,0.452274087969139
"998",0.448240165949908,0.747815168161141,0.378969312318999
"999",0.472206121242317,0.913872646331988,0.552730307576932
"1000",0.54755738337203,0.901898383604369,0.469170760062968
