"","phi_1_AR1","phi_1_AR2","phi_2_AR2"
"1",0.625663506843933,0.634151994218989,-0.0135711267351143
"2",0.675955115387192,0.647875682978837,0.0413680820595858
"3",0.675934180343319,0.687802922582032,-0.0175003789944966
"4",0.720414043819981,0.820040745251248,-0.138944945375209
"5",0.690381482847368,0.657555090236683,0.047634661134401
"6",0.658556518983292,0.69039884351172,-0.0484841484063152
"7",0.684164174374017,0.648285226114735,0.0527998438176736
"8",0.658613215540195,0.661861000545947,-0.00493764053807971
"9",0.694117907783349,0.698752117531887,-0.00668246573005984
"10",0.674216700946466,0.674074524292983,0.000210407277621654
"11",0.715499087837494,0.704214247834562,0.0156911508330092
"12",0.690522596219072,0.648047882871631,0.062446247863612
"13",0.669620302932261,0.638364776858653,0.0464015822342615
"14",0.713813357336766,0.697938227756576,0.0221724543326213
"15",0.688024021497456,0.724658270404281,-0.0530348500552008
"16",0.699559486882846,0.742004318640492,-0.060512107609296
"17",0.711374407311504,0.767446868689627,-0.0784033042320801
"18",0.674235630324334,0.62926301386351,0.066515855858841
"19",0.65911053588087,0.683312223487112,-0.0365823909330318
"20",0.743395257042107,0.704693654998645,0.0520751259245149
"21",0.751447549097405,0.705788749438914,0.0606934368174613
"22",0.626347597686276,0.602689327795794,0.0378182930056443
"23",0.666564542921668,0.650282777425538,0.0243609041088548
"24",0.696407131660308,0.737022822755391,-0.0584572693805657
"25",0.705573271226683,0.753642137953095,-0.0679431630883429
"26",0.651100981610007,0.668748167663489,-0.0274581362808039
"27",0.691097096476016,0.742542045377095,-0.0747050720639768
"28",0.711206431750666,0.772964904260943,-0.0867719670051448
"29",0.711828831786101,0.72725792398243,-0.0215902663934076
"30",0.72224800096868,0.781546733683647,-0.0821524237559932
"31",0.694298987607005,0.741196836130011,-0.0685857716636494
"32",0.708518443616404,0.730565820164207,-0.0312742238645122
"33",0.711572315794731,0.641222301095547,0.100625665665001
"34",0.712916529338881,0.662430279297799,0.0707999353470055
"35",0.673972144199418,0.66069053675773,0.019708937067222
"36",0.713564927086316,0.720124832704546,-0.009216547227594
"37",0.739307736951222,0.739113005075157,0.000255311556919752
"38",0.690956485708051,0.727013706098441,-0.0521474393929187
"39",0.675469582134633,0.754830414765573,-0.117046022057274
"40",0.727608197611893,0.766403919453424,-0.0535847650013201
"41",0.7050140681506,0.715850988457438,-0.0153401741442275
"42",0.694284636256132,0.783016559984999,-0.127554808287797
"43",0.719585895652934,0.777973518520237,-0.0811984997627892
"44",0.635313254561284,0.635997788944648,-0.00107545090700319
"45",0.672122841823301,0.666593468562046,0.00819686582878569
"46",0.71149413311142,0.675971997199393,0.0499070734848287
"47",0.735150232472441,0.771165276551731,-0.0488967279249376
"48",0.679072173622073,0.700472326264293,-0.03139343365993
"49",0.677099531420552,0.658206730019347,0.0278136707740147
"50",0.688940939096579,0.754703696506257,-0.0951648856386653
"51",0.648156761566823,0.59857025831196,0.0763917229312969
"52",0.730708412581715,0.780297427182964,-0.0676423646694983
"53",0.688132083952485,0.745325182764379,-0.0830962465253468
"54",0.721847691388067,0.742902258266872,-0.0290737147365246
"55",0.720883818159558,0.716454680424143,0.00614109268595092
"56",0.716934871874142,0.711124848827287,0.00809588332353632
"57",0.659896436780569,0.600251877505464,0.0899540075361329
"58",0.718975985287814,0.793799702830748,-0.103723295611421
"59",0.653538169347255,0.654128463987117,-0.000904357642085623
"60",0.709947118612817,0.738511501350171,-0.0400184110238334
"61",0.647089930812233,0.626125998724104,0.0324983588930519
"62",0.688057555433321,0.649081934546763,0.0565571113640882
"63",0.676766743752562,0.642901273693433,0.0499698983492686
"64",0.651470478027982,0.675248588507147,-0.0367352646899539
"65",0.68466484253568,0.684783617791915,-0.00017441597814272
"66",0.705918353137191,0.769423120574571,-0.0898638868898233
"67",0.700052046808275,0.734656965267929,-0.0493980969135373
"68",0.613067301285708,0.561963973643679,0.0834548194318482
"69",0.707086271748852,0.746536004312052,-0.0556257690584067
"70",0.727494362909696,0.769224181033173,-0.0575095168692141
"71",0.633426326250428,0.646440420854691,-0.0205145561896222
"72",0.684520830341494,0.660927162854111,0.0346604489793466
"73",0.716443779617589,0.777356412446938,-0.0851069988847721
"74",0.703198636402364,0.763136557509109,-0.0852467303198157
"75",0.673320974322905,0.684850495301216,-0.0170848949231811
"76",0.753512000116698,0.81990125374198,-0.0885081246365524
"77",0.630558555906965,0.612822183869498,0.0281298748169492
"78",0.646031324558677,0.687044446221281,-0.0631514620543983
"79",0.667564957994227,0.654687696329024,0.0193142009568568
"80",0.675660739980858,0.644539735156934,0.0466535775694505
"81",0.670057406178048,0.670587292198622,-0.000796582574116046
"82",0.711675060141312,0.695697542788377,0.0226171097135494
"83",0.657210515912948,0.638135503270596,0.0289452320651647
"84",0.668381135980851,0.749115996290858,-0.120720915467807
"85",0.696077423502322,0.754974113670291,-0.0845812998784649
"86",0.730221164147968,0.769748552957272,-0.0541610666435739
"87",0.716732128004473,0.714390926861228,0.00325169743372811
"88",0.710991171008534,0.814186941749732,-0.145679870413741
"89",0.700176004338758,0.733459131066802,-0.047357828539389
"90",0.678895582769705,0.682329166944874,-0.00504639183087264
"91",0.650551027368476,0.598432862560719,0.0797821786905376
"92",0.674786607093205,0.640830187266694,0.0502269457080027
"93",0.665776575445352,0.661523810949062,0.00646530252154835
"94",0.681816924851374,0.654276827165895,0.0403452812635211
"95",0.681910551848562,0.669210745944378,0.0186381740125226
"96",0.695016572185646,0.626264225401681,0.0981698230454512
"97",0.716898664136849,0.760646091101487,-0.0609323332146288
"98",0.715569816804704,0.718219005628982,-0.00367971238432107
"99",0.700664255946756,0.67132695225445,0.041799391840388
"100",0.688410802664438,0.665625455715601,0.0333549139030644
"101",0.729434679818136,0.800476111355958,-0.0974476545766019
"102",0.69744036518532,0.785429121100843,-0.125641963918247
"103",0.686647618490138,0.66738664124204,0.0282505345626438
"104",0.684453461696051,0.740923595329159,-0.0822382786544392
"105",0.647080902185622,0.564986190254809,0.126542594666966
"106",0.707441160743886,0.779205327212759,-0.101398198022083
"107",0.663939163835793,0.640413390199074,0.0355531246746378
"108",0.717884268255538,0.734078748946973,-0.0224738003536826
"109",0.65241130380501,0.641729913244164,0.0164247370695623
"110",0.698243314223294,0.74423212713635,-0.0654962124932484
"111",0.671115116466092,0.683682052398709,-0.0189347570680212
"112",0.736245366448661,0.730616771598875,0.0076248483871364
"113",0.709491857968898,0.739468351459043,-0.0422219444173586
"114",0.744416614660647,0.757654781311157,-0.0177848819510613
"115",0.678530082486416,0.656787061710819,0.0319351610605952
"116",0.67570090370133,0.647126197489127,0.0421000393170325
"117",0.659141967746235,0.633171423775533,0.0394387978379864
"118",0.696315806454041,0.738749084599508,-0.0616486801318781
"119",0.685525518197938,0.684815742572168,0.0010362818276671
"120",0.695298585335053,0.647644005320372,0.068202338467458
"121",0.717904225860977,0.787241662797309,-0.0961818789296964
"122",0.666861867848433,0.683110773840546,-0.0243273234518633
"123",0.638459788561186,0.655042209111426,-0.026178070622406
"124",0.694094441616145,0.7745229094565,-0.116105803855155
"125",0.653198056235543,0.653969236075634,-0.00118282118542573
"126",0.694027099682098,0.684860503956009,0.0131601544380009
"127",0.668463519632537,0.652180972112442,0.0242474044787296
"128",0.721318479473237,0.867658378938825,-0.202366316631412
"129",0.679172722428903,0.774672988898924,-0.140143501766625
"130",0.64495343367849,0.716582633844437,-0.111160521694797
"131",0.708055823230226,0.736923404944228,-0.0407719444167453
"132",0.698263789441263,0.709033996378244,-0.0156984591363239
"133",0.668169765919214,0.664309873487052,0.00581010008323296
"134",0.718120915048292,0.747269056499302,-0.0403907943112917
"135",0.708373816777224,0.677771018141439,0.0438623993078433
"136",0.699929137916677,0.769925917507724,-0.0998314538742399
"137",0.709572490156401,0.768966861083129,-0.0833887060271595
"138",0.721506416483402,0.697401100144275,0.0332587163514786
"139",0.681213775696669,0.716723679277759,-0.0519265659286648
"140",0.682723967568872,0.647524102646197,0.0513706005684077
"141",0.699455988678685,0.754291872235927,-0.0779949655532345
"142",0.708967676622347,0.760627268380793,-0.0726780876551625
"143",0.697316129840525,0.652687843927445,0.0646300412583791
"144",0.706860385217718,0.723434985428376,-0.0236021505807098
"145",0.693044370891962,0.657563499413169,0.0511290920718506
"146",0.684803350051473,0.693987132539174,-0.0134133957895214
"147",0.683910341843581,0.690338873818518,-0.00936622211083016
"148",0.690128646375159,0.68239954233209,0.0111606193262416
"149",0.675178533095793,0.647329194544459,0.0410648533768773
"150",0.675631409665157,0.696739388019435,-0.0313221999009188
"151",0.662967419507339,0.724322126759079,-0.0925746685613064
"152",0.677721652593781,0.709208360827306,-0.0463534432212881
"153",0.697896519163273,0.695348218689517,0.0036306993221706
"154",0.704029460097685,0.767162584633452,-0.0896689638622411
"155",0.709976232517056,0.768331092710539,-0.0823430435401294
"156",0.67070017351916,0.725053479056604,-0.0808705330317628
"157",0.693732662849746,0.687501607948404,0.00895143957839155
"158",0.702718627649598,0.730182190747495,-0.0389092425249879
"159",0.656637674161263,0.61437706973937,0.0640285864351607
"160",0.694420007297861,0.712502692933832,-0.0260279910922723
"161",0.694721549794406,0.641479275437319,0.0764515985388143
"162",0.653300019481894,0.634204657110573,0.0291107929078135
"163",0.669106823759194,0.687190350923305,-0.0269621760086444
"164",0.689951208723841,0.715613885015474,-0.0370134333519738
"165",0.66690573733591,0.662390125650534,0.00675436284699395
"166",0.647470964290974,0.648749446013026,-0.00196980144202786
"167",0.692028247687644,0.66747502352525,0.0355419459484025
"168",0.699261283546284,0.664734286264169,0.0494009534963203
"169",0.720103129775154,0.757738036864616,-0.0526627555337298
"170",0.632856293315535,0.576624617717151,0.0884113729426223
"171",0.672352452585046,0.694962629065827,-0.0336905925350588
"172",0.702574280598479,0.727254514553672,-0.0350670485723403
"173",0.70655816747277,0.711178295965598,-0.00652166479258842
"174",0.67667758650843,0.661996351644442,0.0217041073630253
"175",0.659375775847799,0.627469958921107,0.0481815866897398
"176",0.69221933886883,0.660443039481742,0.0459115288660931
"177",0.635302190882822,0.529981505094077,0.167541271344124
"178",0.724644014894046,0.729180463591121,-0.00627755880844275
"179",0.697030109497403,0.658807653378255,0.0547773589210192
"180",0.690503351126635,0.718277311980784,-0.0400784994862585
"181",0.730375047244255,0.799673838262421,-0.0947267332210352
"182",0.709803554334971,0.672654841545252,0.0521554143834481
"183",0.733655946728843,0.740836094123827,-0.00975785119414487
"184",0.73491340324339,0.709016871558588,0.0354061285013002
"185",0.692939318358847,0.687508117667899,0.00789300276274131
"186",0.697291451503168,0.691504470029639,0.00829666591738907
"187",0.67970192793194,0.734827646732968,-0.0811397855530128
"188",0.718113144049956,0.745656843079521,-0.0384367192391648
"189",0.713566401089535,0.694604693576766,0.0266838530510491
"190",0.675337732622338,0.660714823454833,0.0215559087261597
"191",0.709285752253044,0.723230345466065,-0.0198660128402107
"192",0.720872537620829,0.728001227559406,-0.00987704008776652
"193",0.662545710102421,0.70621579628203,-0.0663292831552059
"194",0.716144417151187,0.740318967941289,-0.0343335285570913
"195",0.647507095685965,0.621363733726678,0.0405599108059409
"196",0.705061349702285,0.714021026267123,-0.0126821646758081
"197",0.692230948528725,0.711932200853543,-0.0283430932810743
"198",0.711648757960539,0.733280266223857,-0.0305976995345603
"199",0.661097147288855,0.600744333085541,0.0910930487522553
"200",0.670834198736944,0.687859507994479,-0.0252554809081459
"201",0.641319709476371,0.562889773025582,0.12147618733847
"202",0.664302051817271,0.615042775071267,0.0739854728668077
"203",0.66068060554885,0.634001522029373,0.0404315128608731
"204",0.705616054021927,0.664449751713856,0.0585004215224307
"205",0.698394380013143,0.694751579154166,0.0052151848120327
"206",0.708670652036515,0.736033321799806,-0.0386083087796043
"207",0.702341681561212,0.711882825446933,-0.0135451416389089
"208",0.705909189587109,0.827246020933065,-0.17166075906811
"209",0.668628311426018,0.675720701167635,-0.0107124803846165
"210",0.701326927679717,0.700358489238531,0.00138303355299819
"211",0.727749230289921,0.763954236080776,-0.0495241720328543
"212",0.666949189572375,0.678150753886969,-0.0167720525867197
"213",0.658684431449083,0.63207600434438,0.0402273520252018
"214",0.677070820535815,0.674917336401177,0.00318732967809874
"215",0.668664975766864,0.686258444961276,-0.0264558695121722
"216",0.706106772663647,0.734060064334855,-0.0395302496508661
"217",0.638784041980856,0.621209609518133,0.027428856887889
"218",0.694240608742168,0.689058220499756,0.0074418342824875
"219",0.695913410905953,0.703373867799283,-0.0106836068594938
"220",0.682060657558432,0.676848846404452,0.00762725364579118
"221",0.670151846414657,0.644517450773489,0.0380529223638945
"222",0.684171451526525,0.675207671737435,0.0130421054240853
"223",0.730225901123177,0.790824810737466,-0.0827021051806283
"224",0.646915547887923,0.641910972279552,0.00771787544095679
"225",0.641160704125348,0.614208928232756,0.0419025011971848
"226",0.683004551392055,0.704672766042802,-0.0319148193304226
"227",0.683347068953238,0.700815569814798,-0.0255634045061776
"228",0.661618191852583,0.687190350332051,-0.038661414347796
"229",0.69329214462326,0.713613451335141,-0.0292533521843901
"230",0.717022191442323,0.680790050432891,0.0503493843831653
"231",0.722186574684064,0.750436839544156,-0.0390134059778191
"232",0.675557386295283,0.666482821213418,0.0133427469324449
"233",0.694898735974625,0.735761771503983,-0.0587925977704529
"234",0.694337272679845,0.716026790246234,-0.0315112919228647
"235",0.71123071265185,0.781544219803258,-0.0983402369058322
"236",0.713204924970422,0.756558493484357,-0.0608260795399152
"237",0.664723666002082,0.632959824472543,0.0475055512625449
"238",0.707073657958416,0.719805793519349,-0.0179370427456104
"239",0.74380554235194,0.774230589233413,-0.0407512385620849
"240",0.701004285299501,0.72841527385989,-0.0391345812780075
"241",0.705950324381008,0.696382590738915,0.013581791781939
"242",0.691827728134483,0.711961648175427,-0.0291879567148989
"243",0.656597684734111,0.608450713711853,0.0735054465332094
"244",0.740926020535331,0.796005197627141,-0.0745060615721703
"245",0.662286265022866,0.64913456500224,0.0199328003879229
"246",0.69940774245531,0.720406467061918,-0.0301145622532318
"247",0.661501035045849,0.620833863605331,0.0615371315882351
"248",0.685083207187622,0.713051535511769,-0.0406245092610786
"249",0.701200796472074,0.715469099856674,-0.0203420363750444
"250",0.694697007244404,0.682499609995205,0.0175303728250259
"251",0.698803288472304,0.700882559339148,-0.00296195140404366
"252",0.701209843212811,0.685272757043152,0.0230639229715509
"253",0.718978481601735,0.753038126027923,-0.0475260997795511
"254",0.694641764111591,0.693803458123286,0.00120217062730806
"255",0.696693062630871,0.695325187754045,0.00196387695780734
"256",0.698912917570073,0.721750122828198,-0.0326274444296477
"257",0.701556885788023,0.695616093779144,0.00844776614988352
"258",0.663452650180501,0.649689723558607,0.0207166609627427
"259",0.64590189196666,0.662742721565827,-0.0261936536254006
"260",0.694553824642297,0.645507755269407,0.0703485288470771
"261",0.64928952203341,0.622124676719475,0.0420407410428406
"262",0.621340508191446,0.593426209732759,0.0449811331211686
"263",0.710878186862712,0.74169186478554,-0.043203485828952
"264",0.725728690032136,0.762822538333712,-0.0511822026806771
"265",0.670557106282968,0.642836046852795,0.0412550285976479
"266",0.621879919523875,0.564534902879144,0.0920663918934581
"267",0.763797183480988,0.766290067681955,-0.00334798018799393
"268",0.644653041134614,0.639646490656938,0.00774602759032521
"269",0.715147981924438,0.739110365463855,-0.033617499286387
"270",0.668672955812837,0.657472064006944,0.0167721118918818
"271",0.703443877345774,0.699810921208387,0.0051549518234289
"272",0.661711913027889,0.663127500512082,-0.00212927870026643
"273",0.699478932471947,0.721532195561806,-0.0317031728764556
"274",0.68859951569069,0.729832711911141,-0.0595966912700895
"275",0.718117806129383,0.759366170249386,-0.0572504362024598
"276",0.694803322075229,0.678823525137382,0.0229382451440942
"277",0.723877683819375,0.708934001010026,0.0205678781955058
"278",0.629821061991894,0.562745509457747,0.107164222223429
"279",0.720741385720632,0.823366055777576,-0.142380446524976
"280",0.739087804792098,0.802100803682501,-0.0855776021387966
"281",0.677075470642466,0.702650545888694,-0.0376437102554314
"282",0.669453127283344,0.641889637530429,0.0411323583002428
"283",0.691427652222593,0.688929718690051,0.00360105652882681
"284",0.688515910531881,0.687096947800511,0.00206683495549333
"285",0.706538039697189,0.754340058682797,-0.0678798463343568
"286",0.705932578085175,0.750050630142624,-0.0627096982579298
"287",0.715030320747937,0.714920089406402,0.000156112270946264
"288",0.649563046102274,0.587563684276087,0.095466161530499
"289",0.685567588281987,0.708519785068911,-0.0333426333028471
"290",0.69438885415984,0.782925278059495,-0.127063243008517
"291",0.662774680883526,0.635979930332161,0.0404816166084124
"292",0.725430601254274,0.780788875225583,-0.0763155675763251
"293",0.677695170844526,0.680822505989731,-0.00460307645747622
"294",0.714090242771509,0.737162004862011,-0.0322697753558995
"295",0.636810090101938,0.562789629394055,0.116355884237082
"296",0.682666104207645,0.622335101661792,0.0882476637011399
"297",0.674966348262465,0.665773449874338,0.013627633925274
"298",0.698677314987862,0.73909908556125,-0.0579836180956849
"299",0.722850537405382,0.716610830337044,0.00861004895524362
"300",0.70484072694504,0.688627040253801,0.0230276268617064
"301",0.665703440305429,0.688861694288214,-0.0349774773305036
"302",0.665228286901954,0.658128199909554,0.0106966662743482
"303",0.692644548107576,0.717869510482002,-0.0363672935054274
"304",0.627129076772776,0.538536172702439,0.140925209661827
"305",0.650155520641226,0.615789987013717,0.0526642961380012
"306",0.703144255855749,0.694989458365672,0.0115783552725516
"307",0.690975318551083,0.706724365524965,-0.0227320059208478
"308",0.645399331782654,0.628328337577668,0.0263857053448064
"309",0.719882183678679,0.740425586995494,-0.028440459584744
"310",0.717506496142817,0.774403926453184,-0.0790160950605657
"311",0.6605679689439,0.708582378309762,-0.0727890068496221
"312",0.721270387055905,0.697930407162837,0.0325174617895079
"313",0.703840167676697,0.735288292588671,-0.0446030381061281
"314",0.618791070385129,0.623377370736097,-0.00737186079446397
"315",0.69408113309494,0.692115695372092,0.00283711749503499
"316",0.653490945715563,0.651839861492416,0.00251541679508564
"317",0.645670824148724,0.670341325543528,-0.0381150389642978
"318",0.732251090526467,0.802525212755865,-0.0960963600105504
"319",0.71237395200674,0.782586639098406,-0.0989060227549588
"320",0.69475803955424,0.710928620886893,-0.0232054274750486
"321",0.733624662159616,0.74932343093443,-0.0213059291304764
"322",0.668425353863859,0.692016829484388,-0.035466288187488
"323",0.693866754571221,0.664260202458336,0.0427754565651175
"324",0.659259510096973,0.652086685610784,0.0108427452929011
"325",0.709375967376834,0.727459823795805,-0.0256906279021531
"326",0.735481367811625,0.775133192053435,-0.0541832513802439
"327",0.768012119321647,0.834239281660515,-0.086026777184168
"328",0.674418500814642,0.657287350063088,0.025465356648349
"329",0.63577694631364,0.626334812927326,0.0148307685565221
"330",0.690653104828662,0.724933779932504,-0.0494627545172555
"331",0.716709866228953,0.753964964851372,-0.0519880499972903
"332",0.664510020684533,0.691916365987386,-0.0412899242221983
"333",0.662432077512888,0.706364845139263,-0.0663987100576873
"334",0.685843083770226,0.65818486262847,0.0402161933553864
"335",0.663934781217591,0.592254536498405,0.108497724862342
"336",0.728446965321358,0.697140827138096,0.0427659822323579
"337",0.707246024160696,0.716264216404463,-0.0127314816164234
"338",0.686304685806852,0.685452336193692,0.00123628032543346
"339",0.705219108272884,0.685404033543073,0.0279604867237375
"340",0.683808450078259,0.672113710813251,0.0170192572322681
"341",0.68990177193083,0.684947225011059,0.00720471944475044
"342",0.678124737972307,0.724929719758045,-0.06960320407705
"343",0.749275024575439,0.784802694804446,-0.0474344156026724
"344",0.729472467933006,0.746924731135392,-0.0239156352770823
"345",0.723255755796182,0.713983437230032,0.0127712408213482
"346",0.705735930261908,0.695846054615104,0.0140033572810879
"347",0.647296300551858,0.638313206489122,0.0138679445864998
"348",0.739115672159676,0.771345670983147,-0.0435945494703802
"349",0.730475317640521,0.731429234609453,-0.00130784789119727
"350",0.67076870395141,0.674852374891987,-0.00607211908096112
"351",0.727472343882344,0.771232926049771,-0.0600172390126815
"352",0.674205408466023,0.716429571003519,-0.0625631977298502
"353",0.703770575134098,0.662159762223328,0.0596158701207226
"354",0.662951214911236,0.6557743904574,0.0108086756836818
"355",0.722458437024656,0.815821285382529,-0.131091773010278
"356",0.671569948709542,0.652001647021124,0.0291916571200574
"357",0.73434200745394,0.770665949628674,-0.0495468463799165
"358",0.705195879448835,0.70407287378469,0.00158700710008328
"359",0.634295348063439,0.628524262450986,0.00908348219318407
"360",0.71945715787315,0.808991154011445,-0.123708638075747
"361",0.700155578321866,0.756852665262944,-0.0806569895812888
"362",0.708997028300435,0.677950288609585,0.0439746559867592
"363",0.708148559510315,0.716495070435364,-0.0117619267065523
"364",0.67539538650891,0.721698736213813,-0.069039626984785
"365",0.710070433685421,0.744901416450039,-0.0488944964300365
"366",0.666241673218512,0.667452228701715,-0.00182713549375559
"367",0.724093278552504,0.746426151981511,-0.0307005479526348
"368",0.720638419714486,0.78009552580627,-0.0819900832960954
"369",0.622639851025933,0.581650772384054,0.065523806432783
"370",0.691910899372841,0.785410981454112,-0.133974910939706
"371",0.706502759778671,0.704661335175646,0.00259932140084824
"372",0.634305840004772,0.605004948482089,0.046034851618487
"373",0.676556271214166,0.693587741030791,-0.0250808225768701
"374",0.640175169474047,0.635655927569348,0.00705180169807373
"375",0.68299956474543,0.688165764834893,-0.00754040738106625
"376",0.718814734060077,0.750395370929273,-0.0437703880112427
"377",0.696987384790275,0.745107854176899,-0.0690927909692889
"378",0.689763532626403,0.715883835746181,-0.0377654078623369
"379",0.647669956631166,0.647957368954944,-0.000445409604966486
"380",0.698707723504743,0.659091430371915,0.0569119516511435
"381",0.666618109664784,0.650524448632373,0.0240345578904569
"382",0.688744279974722,0.670712718721196,0.0261548676939497
"383",0.674043683358537,0.73681176039841,-0.0933036111738148
"384",0.662797614894347,0.670721331144738,-0.0120142270490609
"385",0.664526475231192,0.647301306655803,0.02582133492945
"386",0.684321800739122,0.686631259552116,-0.00336159427021039
"387",0.690298180870405,0.748079993892158,-0.0834713592161489
"388",0.73074336787319,0.833267052905813,-0.14007422112457
"389",0.720225284889674,0.688143505938292,0.0443797980772275
"390",0.680337042887384,0.700107801728544,-0.0291482033650597
"391",0.69272888937222,0.683402249261096,0.0134508349360059
"392",0.742277816312472,0.785325138795822,-0.0578328719803335
"393",0.730534296669417,0.752909860529624,-0.0305616171861567
"394",0.663586142561776,0.682414625203261,-0.0283461480578205
"395",0.706240864252522,0.676867510741991,0.0414788565172498
"396",0.651772822711438,0.689575861607071,-0.0580090365776928
"397",0.673165208287752,0.673192182397117,-4.45581584611624e-05
"398",0.703874748060681,0.697940811470723,0.00850322521348756
"399",0.701846384372367,0.711934198170537,-0.0143499180747849
"400",0.733478752976994,0.820312599484691,-0.118446346930289
"401",0.718970697286429,0.758007346380647,-0.053968034970076
"402",0.714559189517467,0.676247047960935,0.0534932372667897
"403",0.71059920224997,0.697798695848137,0.0179459005997492
"404",0.680936434019435,0.679611346613584,0.0019390204920492
"405",0.693436663762946,0.733874528017485,-0.0581754211327997
"406",0.681707581933521,0.680995225636607,0.00103983905716737
"407",0.738324739744584,0.734769197685493,0.00480870860892768
"408",0.678454161798261,0.611051641249271,0.101167656004061
"409",0.725156346890877,0.776867657340837,-0.0711284938478544
"410",0.714689039413032,0.725226371125358,-0.0146945874056527
"411",0.739331183207539,0.710701702092117,0.0386525537763942
"412",0.672250570244037,0.700922688493865,-0.0429853396501019
"413",0.669020813021703,0.614139939582995,0.0814800024889053
"414",0.71927983712988,0.681498137168554,0.0527354402558933
"415",0.66652737874323,0.607973132200849,0.0890360867667384
"416",0.709553183240701,0.67175621101913,0.0533430865222122
"417",0.68115995175685,0.711596769681253,-0.0445807958944457
"418",0.680739339544858,0.702035774893059,-0.0311169174601684
"419",0.707440295597344,0.663496161467059,0.0619483262500159
"420",0.695842278165831,0.737547704287227,-0.0597470699146444
"421",0.700243895309802,0.679564800534972,0.0297509135862787
"422",0.683263044520653,0.731280465680502,-0.0709393884569545
"423",0.697592966936574,0.638477895567045,0.0844262959804646
"424",0.702023506987719,0.676364021393638,0.0364951960972553
"425",0.723828060604999,0.733780319187544,-0.0139072543734705
"426",0.551656473436134,0.473716848482271,0.140310018204184
"427",0.69027429011536,0.681384860137734,0.0128694078652017
"428",0.709134002135968,0.728968159949904,-0.0279270797047747
"429",0.713416824400834,0.720745616510546,-0.0103730827975483
"430",0.703681050608582,0.756331806135904,-0.0746577733118082
"431",0.627364520003679,0.564217231962751,0.100811985506853
"432",0.695905118414629,0.75186688034757,-0.0800710385236436
"433",0.696193961937119,0.721598415819707,-0.0365135938031025
"434",0.67887995985741,0.634644905609916,0.0653396886816025
"435",0.681353821390212,0.722145923951928,-0.059633168629276
"436",0.721933102010954,0.766781474658876,-0.0621566180535341
"437",0.711779450280901,0.741753225660111,-0.0419569569880878
"438",0.725624544596846,0.717790729701722,0.0107582889568929
"439",0.704870642621467,0.706150508810416,-0.00180994505927627
"440",0.744024947982205,0.808225985365203,-0.0864426277182405
"441",0.68151405569019,0.692632191401387,-0.0162738743427553
"442",0.706036922086716,0.720001736943837,-0.0198733008508214
"443",0.715973018924042,0.694085224531838,0.0307333104264364
"444",0.719425347389866,0.691638664171459,0.0384914634858098
"445",0.724738255405807,0.714749087713014,0.0137929187900728
"446",0.625323141972986,0.601116061563621,0.0385065883153851
"447",0.708476789753829,0.758306750011348,-0.0705116679066683
"448",0.591420187137644,0.548019821010576,0.0731001979112096
"449",0.698815986088734,0.741906951490883,-0.0617723781723352
"450",0.723891462027404,0.799411424024565,-0.105377141355657
"451",0.721007568837453,0.693939090219319,0.0377703315385615
"452",0.685567852862858,0.707099760235246,-0.0314339287685766
"453",0.668714833889178,0.660065450748097,0.0128948548533758
"454",0.664546141960884,0.681134319914753,-0.0251494560239655
"455",0.709844159217679,0.755752253771823,-0.0644478629847349
"456",0.695584724595307,0.736013513655908,-0.0585279235258585
"457",0.692925314818823,0.658978185942256,0.0489149695063664
"458",0.65883248307545,0.651138876574947,0.0117114195898005
"459",0.72520654011422,0.789599996265647,-0.0890268570283154
"460",0.676913911613752,0.688208879722402,-0.0166253542263453
"461",0.668566539287868,0.649297297038347,0.0287274998110112
"462",0.63472930857954,0.600329742440146,0.0540286896213147
"463",0.695591402634028,0.672916493995767,0.0330959408085494
"464",0.703428374540875,0.717654162293251,-0.0204592758302623
"465",0.674806497580894,0.694391663019322,-0.0289126858110863
"466",0.665101914227885,0.607795382400864,0.0866100580762817
"467",0.683723260222786,0.711837028443418,-0.0410428849750595
"468",0.647548329765026,0.623492445676707,0.0371882921262415
"469",0.693091703290724,0.617869426037317,0.107806829344957
"470",0.651362837864033,0.659789527031286,-0.0128123152901585
"471",0.733170738835321,0.812318552046472,-0.107605239413844
"472",0.700146728647997,0.649797546451575,0.0716043135624688
"473",0.650663559114084,0.65216712961399,-0.00230088751375939
"474",0.701086770501527,0.784892704153677,-0.119234235261489
"475",0.70086344153603,0.768823675219985,-0.0966706134118463
"476",0.639049168016118,0.632622094693083,0.0100885424087786
"477",0.693005681838676,0.680953915052154,0.0176583475623214
"478",0.720787253421847,0.683566278353983,0.0516665917199279
"479",0.687111740617334,0.70988325921885,-0.0330206613163842
"480",0.670816701217182,0.697733359582902,-0.0400727381910677
"481",0.71511287943279,0.728335109828633,-0.0185235014685401
"482",0.676743077531467,0.687383566811532,-0.0156573925817601
"483",0.714665384241956,0.796247310495979,-0.114906077636219
"484",0.676900337918176,0.696876839381935,-0.0295581587067165
"485",0.718280304751728,0.78070323502403,-0.0864454345052059
"486",0.694061600478692,0.667566597546517,0.0381946278863662
"487",0.713720071376206,0.744214668402323,-0.0428312364681926
"488",0.675127969384377,0.70671358671311,-0.046546461731443
"489",0.721254314431647,0.740373304725851,-0.0264640916365671
"490",0.710196129487246,0.773740306323927,-0.0892458961790957
"491",0.633409172867341,0.61850847870846,0.0234077887049548
"492",0.645540454964153,0.715051442613611,-0.107696923196789
"493",0.680842748282447,0.681897928364159,-0.00154714578348943
"494",0.639511871968546,0.618610452196352,0.0327699447056591
"495",0.671580408980119,0.623524104362216,0.0715458852851903
"496",0.708481314809534,0.757294202904357,-0.0686505328610321
"497",0.68917626030074,0.680264329376566,0.0128967390644522
"498",0.705449396844177,0.696972281623312,0.0120083940357765
"499",0.686989646093645,0.737783509379295,-0.0736378142907028
"500",0.674370969104415,0.693124526515669,-0.0277104756438026
"501",0.661951479321544,0.619542284234175,0.064229991246947
"502",0.713010857160525,0.723328219848843,-0.014477745908407
"503",0.652612084062188,0.636538959755718,0.0245551077577303
"504",0.684062308076796,0.717646631490788,-0.0489209522532875
"505",0.699517077591534,0.727355235051049,-0.0396403266135067
"506",0.654037662754519,0.656013046463138,-0.00303565925556605
"507",0.714050279995585,0.805873355519152,-0.128385509419414
"508",0.685745805701677,0.651208353740644,0.0501738620373639
"509",0.721374587306765,0.684639408886173,0.0506831274692819
"510",0.719474038877528,0.717972409725757,0.00207716311233623
"511",0.705884644231512,0.723603576696373,-0.025022138341284
"512",0.641992847249554,0.576947827805829,0.10119822296278
"513",0.698778093562721,0.640507364376433,0.0838666199316378
"514",0.678185371566644,0.66402257591619,0.0209365071879475
"515",0.67248792743434,0.700589053858638,-0.0415801821828175
"516",0.703158071459671,0.752575101805542,-0.0700275023039287
"517",0.73391009121234,0.782218224228714,-0.0655964750011903
"518",0.660841419868975,0.630181876034308,0.0463504077136081
"519",0.689777494715762,0.700215284475469,-0.0151760337519036
"520",0.668192486784523,0.682624966802849,-0.0215896533281366
"521",0.684493257634211,0.658598656364734,0.0377305863669188
"522",0.721092528548178,0.733094905802728,-0.0167355368178206
"523",0.68372094500208,0.654994741316308,0.0420451326408594
"524",0.698167974026178,0.700141449165454,-0.00281630968216483
"525",0.671737191354445,0.665609581322163,0.00910632548588228
"526",0.682579999965991,0.62929988883422,0.0782602622673647
"527",0.692773261338564,0.72249836228669,-0.0431273761331711
"528",0.704991071666869,0.725699048944298,-0.029541740668254
"529",0.70024238191423,0.711807391297044,-0.016513465131632
"530",0.699085113647563,0.735652036700346,-0.0526636850808979
"531",0.646102536020516,0.634897536283732,0.0172436948288758
"532",0.713241480559224,0.830011925192334,-0.163258074564011
"533",0.637388236129547,0.668731164441276,-0.0492001148499842
"534",0.718076008858624,0.72163308913228,-0.00493207232243242
"535",0.624672945218973,0.641991698352414,-0.0277607314349466
"536",0.698502371352335,0.720618048231188,-0.0316384990451944
"537",0.678523055201209,0.645233184414862,0.0488369412540181
"538",0.654870644386786,0.647530566804743,0.0111970487920292
"539",0.718447900947152,0.749687043542734,-0.0432326267089098
"540",0.690987232007794,0.661531019640967,0.0425224396787145
"541",0.729484841627178,0.768496803978287,-0.053443433325263
"542",0.731100119654103,0.739572089305693,-0.0115987083812174
"543",0.67665340272739,0.633993780895977,0.0637686535468706
"544",0.730531926404127,0.707344558780051,0.0316592964505878
"545",0.661762439728559,0.634943743412951,0.0407439945134805
"546",0.641932291938409,0.585783332446206,0.0880940878096518
"547",0.639220222896268,0.604374614053589,0.0545688904769748
"548",0.677224864825713,0.608206468894518,0.101980163272851
"549",0.658957866191511,0.672689153186384,-0.020889581942359
"550",0.720205554103481,0.752247423463422,-0.0446014450441893
"551",0.666364332241201,0.683685520241332,-0.0259231645540411
"552",0.689855387550489,0.717544113206516,-0.0400733223220944
"553",0.690676486007194,0.611086129602226,0.115270287024975
"554",0.68852609676438,0.710802474266311,-0.0322182300292945
"555",0.656504145611319,0.567516185641732,0.135122193822453
"556",0.709004285150701,0.676040449115531,0.0464603867413327
"557",0.673389863663933,0.700620097599585,-0.0403725641327784
"558",0.643188669015828,0.658588027686802,-0.0238747451029439
"559",0.672866739520321,0.65104723432668,0.0324008452481289
"560",0.761133864734029,0.851322923229312,-0.119049952689245
"561",0.746386073645026,0.736700098195183,0.0129185409060897
"562",0.705839792652618,0.633879476071823,0.10259313692369
"563",0.695948337143307,0.674629889228207,0.0313345221692504
"564",0.753465306408622,0.777499410393763,-0.032124390053228
"565",0.701762258732558,0.741652381770654,-0.0566912971902793
"566",0.68465259324384,0.673408246364737,0.0163800845797828
"567",0.700447549507773,0.723739658113343,-0.0331899997975012
"568",0.691524660481371,0.664337192900092,0.0396242061369563
"569",0.684251367200362,0.667205977301273,0.0249120290896814
"570",0.713915500833597,0.73969741315676,-0.0361564911786031
"571",0.689191340299718,0.682771046292542,0.00934953897391378
"572",0.733402939749346,0.82129118897595,-0.122894295096509
"573",0.665885252719909,0.669376367656601,-0.00526721045914622
"574",0.748117251733845,0.802182019738785,-0.072293014954383
"575",0.691992422339238,0.778279469506374,-0.126449389024216
"576",0.673238322611815,0.69883699289989,-0.0379493218223324
"577",0.739332057467655,0.767358310937067,-0.0381541798800183
"578",0.71096504260309,0.705275721159084,0.00800494046610293
"579",0.663645988715192,0.702763642032965,-0.059039346249532
"580",0.648049114557474,0.64731030321079,0.00113203336583414
"581",0.710865188408506,0.754550737998414,-0.0626582204900696
"582",0.691396438664961,0.669165956933619,0.0322169555137033
"583",0.703994584264887,0.655988100138073,0.0681407454412491
"584",0.658482132933407,0.665676338242848,-0.0109624919648942
"585",0.631703597149627,0.599416111234111,0.0511397536712985
"586",0.695215987649661,0.685766650163554,0.0136848150778942
"587",0.699964517722949,0.754577122292257,-0.0780202291975349
"588",0.671653309480202,0.675656507996008,-0.00597093328917375
"589",0.719598887135053,0.777639937509724,-0.0812891984101195
"590",0.665111915643712,0.659934053393501,0.00773791200398127
"591",0.688184206614973,0.700662417080245,-0.0182827986301778
"592",0.698035138321415,0.699526338966164,-0.00212879901118228
"593",0.705560018680826,0.735941568994778,-0.0429502970052588
"594",0.674795080497898,0.648802701061913,0.0386094170076161
"595",0.722172003046301,0.759929837561419,-0.0521023464893318
"596",0.680097306029757,0.625738062643927,0.0796890859588677
"597",0.684645686981857,0.670955094774621,0.0200285759636379
"598",0.664776548233445,0.693255405486864,-0.042978506784434
"599",0.712916296901811,0.644533272438839,0.0959992837404748
"600",0.721352643559132,0.717711238787525,0.00502634195734336
"601",0.699833377550903,0.778699520419949,-0.112877913792491
"602",0.65969732717188,0.700881225087222,-0.0623367003015587
"603",0.685643777342711,0.738765851992606,-0.0773653184524946
"604",0.683088067067972,0.635426872895337,0.0696747971190747
"605",0.659924871073845,0.568511393842449,0.137975903770714
"606",0.702108463346779,0.688722406896064,0.0192070887946157
"607",0.666622393199535,0.626173915888601,0.0604440299103871
"608",0.675326330943068,0.696342326093856,-0.0311608374469083
"609",0.68894646617862,0.713322853298705,-0.0353392067033846
"610",0.684705878865264,0.641011410922247,0.0636125518612075
"611",0.620928684098732,0.584374034613276,0.0585559166584708
"612",0.696196132051033,0.789277132760431,-0.133906836558165
"613",0.716688392553614,0.712786409946153,0.00543187398128236
"614",0.687645169159993,0.635559539740694,0.0759178211186817
"615",0.723958631977369,0.772822860117571,-0.067708025205265
"616",0.703467640027125,0.724878635256016,-0.0304170703333033
"617",0.646792089425801,0.631085240009305,0.024234750712998
"618",0.6822142492854,0.719059521362911,-0.0540759122041894
"619",0.699634663211407,0.718588714530661,-0.0271500590216809
"620",0.684917418865859,0.697603425355666,-0.0188148997759279
"621",0.666535089608363,0.640655453721432,0.0386547654382942
"622",0.65170566970013,0.656110376086392,-0.00674338073648773
"623",0.71563178350262,0.728403284616137,-0.0177885457263279
"624",0.731145800095478,0.764881463437433,-0.0460355206909617
"625",0.692317838341433,0.717714189997957,-0.0365874575191528
"626",0.673796226595646,0.647557620366581,0.039079508633077
"627",0.659460867880921,0.624123470380092,0.0536496643046725
"628",0.69802249299941,0.706011796049553,-0.0115224153138699
"629",0.695580265344726,0.711470640897788,-0.0228055095033378
"630",0.675906742469873,0.679068112069456,-0.00467004855937759
"631",0.736062740681973,0.740678451823235,-0.00627232470392736
"632",0.702204673307441,0.64323417741287,0.083395172093423
"633",0.744590909887567,0.735366695527004,0.0123548494115329
"634",0.696469440750821,0.709756773126937,-0.019007966874869
"635",0.621344357756007,0.553831659442467,0.10815966031559
"636",0.682519504714045,0.665338513969478,0.0250981311821002
"637",0.629182749654757,0.613637381622225,0.0246171116078329
"638",0.688468869044049,0.769777937373237,-0.117897376784337
"639",0.647476442430602,0.611413602755696,0.0555915019734241
"640",0.683881564049431,0.713795491736376,-0.0437206064402365
"641",0.67318038010641,0.65360465577064,0.0290978213127477
"642",0.610365356094727,0.555586129078766,0.0898326680484304
"643",0.649179248740339,0.594118368227117,0.084583784230793
"644",0.689159020520575,0.658581495714339,0.0444827293098133
"645",0.708770502374633,0.759691902670044,-0.0715932550175834
"646",0.731499462258768,0.754619242890092,-0.0315148266930793
"647",0.666379020083485,0.646933474633373,0.0290578315353161
"648",0.643726310763031,0.635040323620826,0.0134522443224099
"649",0.673745854990598,0.669860081293854,0.00574504281099042
"650",0.689085944199049,0.69320288999782,-0.00595223841213724
"651",0.712536609971246,0.774259166524501,-0.086428657054016
"652",0.685906974883844,0.675382615739447,0.0152967901584764
"653",0.708949911008353,0.769259056622362,-0.0850292363639179
"654",0.701730940807678,0.775869214021163,-0.105164809326764
"655",0.636619589368189,0.62008988887054,0.0258664450647532
"656",0.678871141650162,0.660619950083334,0.0267958508019459
"657",0.655217404857343,0.63648575691594,0.0284813121097149
"658",0.639910550422304,0.66727318323141,-0.0426041205748559
"659",0.6913846396311,0.662114328643857,0.0421719385777657
"660",0.678324220044349,0.734305820806318,-0.0822147002285604
"661",0.65651008901913,0.598910133567251,0.0873653744478831
"662",0.674659676276646,0.674894785646923,-0.000351174123568243
"663",0.726732696251949,0.730460872070737,-0.00516184237980774
"664",0.629242695965405,0.627388064081974,0.00294015840098654
"665",0.683326295598124,0.695286659327457,-0.0174495701562324
"666",0.661957465275838,0.635174876804887,0.0404482608687472
"667",0.659420373809945,0.60604060327202,0.0808311541296742
"668",0.662957225467176,0.704053590949798,-0.0616679212709257
"669",0.711387564774448,0.762993184126184,-0.0724890610997007
"670",0.717034299477526,0.731271091098958,-0.0198354364698701
"671",0.694304693396987,0.751371891303336,-0.0820426623971358
"672",0.665253694878839,0.663965746333236,0.00193390203645935
"673",0.692913727118151,0.68358992191059,0.0135100028864989
"674",0.698974894575727,0.716755841461461,-0.0252531855918547
"675",0.676294019304925,0.689216747052705,-0.0191197311303783
"676",0.709614504891041,0.726358055456332,-0.0236192676504991
"677",0.671911424438025,0.631783926159445,0.0596812909042543
"678",0.687240489194129,0.691936332142106,-0.00682887466642341
"679",0.658855307751417,0.563724801089942,0.14448873917781
"680",0.662474800229376,0.665658919361591,-0.00481114322619618
"681",0.744062387026457,0.749246341432885,-0.00694372644968374
"682",0.717730832317772,0.699757751069194,0.0249884198438823
"683",0.689850612009054,0.697484571426252,-0.0111418429743098
"684",0.653385153202333,0.658261734670036,-0.00741775050849034
"685",0.697897164873477,0.685632090819164,0.0175497519385229
"686",0.685244006268784,0.747842432404147,-0.0909613653833835
"687",0.689905339307083,0.769817152144193,-0.115500368923526
"688",0.732059147790432,0.691904400776332,0.054780989445565
"689",0.657609001979085,0.614891378601934,0.0648087658066807
"690",0.745473754099548,0.684638949804498,0.08125690670129
"691",0.710716713598804,0.758756835751305,-0.0673684601986403
"692",0.637205612110918,0.564328698521937,0.114478979155634
"693",0.701228286907692,0.745146982825516,-0.0625033381569141
"694",0.707537696212787,0.636117833349415,0.10096385427518
"695",0.721845368766387,0.798762145114963,-0.106117788211948
"696",0.70821775924847,0.717163892631417,-0.0125725482452397
"697",0.696526422106494,0.627131483120892,0.0992235375550751
"698",0.628235599833073,0.580096847990166,0.0771209407084432
"699",0.696942244086336,0.746221295996427,-0.0703008899698132
"700",0.649316250559438,0.683446905835438,-0.0525115138582058
"701",0.694596567248723,0.67392637627108,0.0296710822636585
"702",0.71027459898758,0.720180315156019,-0.0139365114540244
"703",0.717902039784815,0.748644662845635,-0.0428749281134144
"704",0.64165037345636,0.592512828748523,0.0768546826439855
"705",0.724217319136991,0.77582721008265,-0.0711139261414176
"706",0.735317183310242,0.830214087820286,-0.128727737672588
"707",0.675995845348262,0.665960276895653,0.015071032694604
"708",0.737852621913164,0.771136380537703,-0.0453608072059506
"709",0.704953542789838,0.74124588393689,-0.0512527641333927
"710",0.702468865570758,0.655568329235359,0.0672466158680051
"711",0.678761878612904,0.705534546065834,-0.0393684138890512
"712",0.692010748673258,0.664080959012639,0.0401318595471131
"713",0.598289763127847,0.56318747448697,0.0599831651996759
"714",0.67307105397963,0.642893783744949,0.0447541691272674
"715",0.699997077554194,0.737488128217965,-0.053483245553479
"716",0.633556454573998,0.607846151359207,0.0404012686170537
"717",0.736842998833175,0.764043944680343,-0.0368366192116839
"718",0.739912821495983,0.750417160511561,-0.0141604120024379
"719",0.717898612718997,0.780433790867359,-0.0873365076400424
"720",0.676956109340122,0.723275813548126,-0.068537348903508
"721",0.64187568026169,0.671782762793319,-0.0469218603202206
"722",0.624064263779229,0.602934749410945,0.0341699011452944
"723",0.688886508565753,0.672112184861816,0.024239744287034
"724",0.676591785913975,0.663837842924031,0.0187451247427575
"725",0.653738555593826,0.597918475820807,0.0850954604602708
"726",0.752360266976334,0.818513014917397,-0.0885774760626316
"727",0.672165021209183,0.702447370851053,-0.0450412918697663
"728",0.671299224834302,0.641959474635529,0.0444251876420233
"729",0.673636886272779,0.646211936490632,0.0406987173823977
"730",0.716745515765407,0.763505121132688,-0.0652058616399587
"731",0.720057987498574,0.715632963266562,0.0061315719457769
"732",0.673771378959497,0.70716450264854,-0.0494776209539953
"733",0.706380510892953,0.754407967999327,-0.0679642467165296
"734",0.64525068171321,0.668668409571655,-0.0364894592296428
"735",0.688161436645014,0.687563499914226,0.000870809801085711
"736",0.723440872603156,0.752632141032312,-0.0401576013511256
"737",0.658044535846013,0.657363741108479,0.00102341336148899
"738",0.651756509621526,0.668442009465323,-0.025521934605682
"739",0.727435497004392,0.771992066559016,-0.0616227529085255
"740",0.701004071580516,0.680972669067688,0.0284924568688604
"741",0.666892954450261,0.705387709372571,-0.0574743866718713
"742",0.696725010677889,0.735553615962869,-0.0558366636713846
"743",0.618042585897501,0.599498299227457,0.029932303240839
"744",0.719944374635303,0.722577186338163,-0.00365518524211078
"745",0.708620208207747,0.710982322480106,-0.00334288660262284
"746",0.710681695266882,0.720815468823649,-0.0142076924971263
"747",0.692467362430863,0.715428647022582,-0.0330439728435976
"748",0.646394165384893,0.624322277645825,0.0340307572445709
"749",0.725027315717074,0.76220119688698,-0.0510370867063804
"750",0.718897594780602,0.725186427752664,-0.00872278231208857
"751",0.680392708570732,0.656865558035601,0.0343560360543279
"752",0.637435337353962,0.664372271662624,-0.042329151973739
"753",0.702200280386567,0.739615798765044,-0.0531219579199052
"754",0.692020496936732,0.743268290306555,-0.0741714554802991
"755",0.658152964183681,0.653632273077933,0.00688041872376081
"756",0.702262588098419,0.727508196808009,-0.0358042163672169
"757",0.716721250327359,0.74503385762229,-0.0393648841489853
"758",0.67950672266213,0.668236516187641,0.0166102680443777
"759",0.739738843373154,0.769775343162583,-0.040572552772493
"760",0.734372283524575,0.816338173704543,-0.111873832559435
"761",0.715626031121997,0.684365795740747,0.0435280651070059
"762",0.69301057749285,0.74725897729779,-0.0780166768346436
"763",0.691830562866589,0.757715395630648,-0.0946802897947228
"764",0.731578881703277,0.78553548144016,-0.0738051923608379
"765",0.699253275743658,0.682870516892864,0.0233585990447532
"766",0.716769771514724,0.775078838118056,-0.0813796914872083
"767",0.697237033135388,0.767366070880285,-0.100266296598199
"768",0.684074536533507,0.723381805451256,-0.0572706904237048
"769",0.694997601190501,0.741125979541045,-0.0668178290363356
"770",0.690313239283659,0.645632708979848,0.0645355731229852
"771",0.658800895204317,0.629746119711872,0.0443627527238057
"772",0.680725277402777,0.736406396280826,-0.0814954841352441
"773",0.714909085204737,0.687672967882803,0.0380455294084969
"774",0.651770605550451,0.642174357854144,0.0147237058706813
"775",0.672530581599802,0.703247975983646,-0.0458104475138815
"776",0.623507473566252,0.634860559577862,-0.0181623243728977
"777",0.709096593002391,0.81563935205397,-0.150977340401027
"778",0.708264095946434,0.800668399578269,-0.130537904864544
"779",0.676559202096533,0.63324633824754,0.0638812795271483
"780",0.705725903122248,0.722053449031708,-0.0230293987879998
"781",0.692952270619042,0.692615078694681,0.000484112993997853
"782",0.671778261560567,0.639267427297908,0.0483389002655807
"783",0.654768533098136,0.652243690579225,0.00383321303693452
"784",0.716183275934395,0.747467694603856,-0.0435813491541445
"785",0.617574887041732,0.597480108086763,0.0324066181318828
"786",0.696975620171732,0.657208940063284,0.057612867040205
"787",0.689872099032954,0.654858716788804,0.0507831250580816
"788",0.72979132184188,0.737727250905914,-0.0108293136788508
"789",0.687036994923015,0.652560128005234,0.0503091917898331
"790",0.545922883452283,0.500006224072457,0.0842287528807499
"791",0.672983444640331,0.693470407440821,-0.0306330217662198
"792",0.73446134865107,0.687684759493446,0.0636003491991839
"793",0.623184482717136,0.568349187468358,0.0879272497743491
"794",0.740882837934526,0.810215080491495,-0.093470264494045
"795",0.728684160002362,0.72690223305153,0.00244031806553415
"796",0.669475054939511,0.692395608128101,-0.0343245505830976
"797",0.721429414039061,0.744343467214413,-0.0317180582650063
"798",0.715683135756053,0.769620843007561,-0.0751311599794302
"799",0.687817371624392,0.735721046600029,-0.0695625457919941
"800",0.693418608575556,0.701318088407447,-0.0113432486460493
"801",0.728468896048932,0.813176242903248,-0.115860762250157
"802",0.712816446879347,0.746658615069066,-0.0476289197032017
"803",0.665529811031174,0.699797779867692,-0.0514035333423207
"804",0.715443523212999,0.722634934154445,-0.0100671541939322
"805",0.663381758623294,0.717545502855096,-0.0815320539263118
"806",0.715589457008209,0.65890914596577,0.0790976718737604
"807",0.729218157442598,0.765967776652782,-0.0503744636751764
"808",0.755089795296934,0.822362854612058,-0.0891646929692873
"809",0.750222897793114,0.759987642159447,-0.0129758782621033
"810",0.70070225696018,0.716561988678385,-0.0226677494675731
"811",0.659457620908177,0.688103877438887,-0.0432696006566154
"812",0.694920711485837,0.693958710006579,0.00138831776320514
"813",0.739209123878004,0.813796866512347,-0.100623146718344
"814",0.669025289418574,0.62418959766675,0.0667784001054467
"815",0.657281213822147,0.638239023010203,0.0289148125654581
"816",0.705801128648572,0.801164833306958,-0.135300772227174
"817",0.649628124106124,0.591602700096213,0.0890981157319634
"818",0.699203968054793,0.690586888943717,0.0122353614729003
"819",0.735335279893588,0.695506421965001,0.0540349839712295
"820",0.708619642333314,0.717379262868704,-0.0123326274532333
"821",0.697528173972283,0.672995396890731,0.0350347986655383
"822",0.715481875890365,0.744361850625348,-0.0403542524988061
"823",0.721811922612689,0.706430551419293,0.0212379555084566
"824",0.702680744829459,0.675321440874997,0.0388740926437239
"825",0.664872557703976,0.692447644840416,-0.0413313697485024
"826",0.692274182002912,0.70277893334335,-0.0151856629340588
"827",0.700703426851508,0.684152634075638,0.0235512834063844
"828",0.692239960580962,0.7113334582198,-0.0274542816948247
"829",0.690092466499195,0.701337289742694,-0.0163647692519952
"830",0.686102443040885,0.699321255278588,-0.0192109534050915
"831",0.719080418866723,0.756034156325052,-0.0514429928297443
"832",0.721588902854182,0.821084836347672,-0.139156887099465
"833",0.710767948794943,0.735598622275311,-0.0351424822218487
"834",0.66013077471482,0.65699560827156,0.00477732008782375
"835",0.661219393224158,0.661839984970544,-0.000939945815700865
"836",0.69919226369874,0.714591086120122,-0.0220759741625938
"837",0.724847650129902,0.720834588518778,0.00552170063625319
"838",0.717587793051369,0.787421875451252,-0.0972740730109456
"839",0.681401956316291,0.698175217141221,-0.0245175829611732
"840",0.703068578593924,0.735271772057505,-0.0457679682646913
"841",0.749724912831731,0.827223135488611,-0.10503548866041
"842",0.665028587943998,0.626880968242277,0.0573065194133723
"843",0.725255382854508,0.676687149549405,0.067549580385852
"844",0.709912755264539,0.726317768404497,-0.0231466461095544
"845",0.743279379048146,0.769827901043669,-0.0358441979829244
"846",0.700006338256093,0.7819794765977,-0.116684760760756
"847",0.687414387997872,0.701990090093893,-0.0211616449893968
"848",0.73512326543561,0.847778016856179,-0.152825756353447
"849",0.641501415610121,0.599018967352401,0.0663415755624348
"850",0.688696406363392,0.693722023208052,-0.0072748752044521
"851",0.710009365889513,0.706533342899926,0.00490340039027319
"852",0.718220489414715,0.765525379726414,-0.0656764822737
"853",0.650063314452236,0.599320315407708,0.0778648317930801
"854",0.692259835702565,0.694473307531962,-0.00319472881601108
"855",0.696907590963187,0.73074351866678,-0.0491271252797196
"856",0.669378880349788,0.701020960466455,-0.0479032854176712
"857",0.696821587266942,0.709726971378913,-0.0185870975450592
"858",0.67168053251948,0.592344116009061,0.118161053384982
"859",0.722971850579821,0.745118386036905,-0.0305109068419317
"860",0.699075699845424,0.731048682619069,-0.0458847800476669
"861",0.76647840910742,0.820697193020374,-0.0705564253562485
"862",0.705589410088018,0.756389032052186,-0.0720657966434717
"863",0.732409263868541,0.80451170308825,-0.0991691906640157
"864",0.701216745352118,0.712873454311074,-0.0165925328586416
"865",0.709031826661707,0.74736825123211,-0.0549272292679915
"866",0.692104884399369,0.680320953560118,0.0170726291188102
"867",0.729886415705843,0.727748453471619,0.00292254601216503
"868",0.755429436207149,0.809388859610949,-0.0710397394076122
"869",0.698881568495823,0.721396889835146,-0.0322729175246555
"870",0.66774634373849,0.666529489935782,0.00184128616624903
"871",0.720000634472991,0.791403233514254,-0.0988073784204798
"872",0.69804226949147,0.691664105655539,0.00914863170573804
"873",0.675364917296634,0.626230996855485,0.0726750011091886
"874",0.681434299881531,0.714680317106559,-0.0489582641107567
"875",0.644512511182354,0.662392953714901,-0.0277331379520873
"876",0.65096271859893,0.631156026543943,0.0304424557426527
"877",0.712712079098337,0.712329632557284,0.000533938148539616
"878",0.660457985582893,0.642184852141369,0.0275099522249126
"879",0.718863276513531,0.700807658578509,0.0251812084605201
"880",0.711020204366965,0.685522173185069,0.0362351610239567
"881",0.713902691390915,0.763145558898026,-0.0688014486793133
"882",0.690950693769193,0.670684812567025,0.0293196384009813
"883",0.647800342474853,0.623017425749838,0.0383173401891346
"884",0.668979173602098,0.675359740534597,-0.00958879504484365
"885",0.714190011849393,0.723765577116004,-0.0135406645814135
"886",0.702538575537452,0.677449008669841,0.0362405529627996
"887",0.659652173704487,0.589069587966793,0.10731569952918
"888",0.673043100998562,0.664077530854098,0.0133501457144027
"889",0.684434252700539,0.675755112951145,0.0127820889695376
"890",0.71150369903067,0.725630514914085,-0.0198092388587189
"891",0.706313255593744,0.685287010019279,0.0298568946153479
"892",0.732265677226942,0.757829189170061,-0.03486722501166
"893",0.748625322392993,0.713130188826318,0.0476587750693993
"894",0.734893830286709,0.767020357424121,-0.0437032453407319
"895",0.701715861233285,0.753289114776977,-0.0747617167414054
"896",0.679592003461612,0.66228140691768,0.0255527855055751
"897",0.671012138236359,0.674005062415944,-0.00447497452866368
"898",0.71076630967893,0.726745255127301,-0.0224423078055117
"899",0.712802888013862,0.75516201743165,-0.059726730465999
"900",0.68080625287311,0.725741675931329,-0.0661386240718348
"901",0.6837821347666,0.691653350887594,-0.0114951667484434
"902",0.683055602157655,0.710350333956524,-0.0397997507223666
"903",0.635875912779529,0.612180384065874,0.037087723018826
"904",0.668672731276336,0.630162001268212,0.0576492110309542
"905",0.679077952589778,0.70257334891467,-0.0344485219447198
"906",0.695121447348439,0.670544744108861,0.0353309303880607
"907",0.649903502380186,0.686493281757614,-0.0563693898717773
"908",0.658005914332586,0.601103401107035,0.0863115437620004
"909",0.673188238398838,0.639778226929359,0.0494919919596155
"910",0.692059300079418,0.679731181956523,0.0177693117199144
"911",0.721779297345478,0.728474329262674,-0.00927545794673371
"912",0.717109145015628,0.726803096094018,-0.0134946328594813
"913",0.707773982719863,0.689096856148877,0.0264045091247587
"914",0.694075820952667,0.702082718976308,-0.0116469050719849
"915",0.651239031931207,0.626153203837125,0.038378044865715
"916",0.6622435442143,0.626773303716878,0.0534206016696496
"917",0.691474920948697,0.658993434639742,0.0467968902472057
"918",0.681865664221882,0.727532830118416,-0.0665459804494864
"919",0.675074038747122,0.657145009962783,0.026489192138324
"920",0.737327698780589,0.893410052691688,-0.212247081942285
"921",0.647714961437762,0.659000381647963,-0.0174710655940459
"922",0.714258271303388,0.734003889474338,-0.0276582881359893
"923",0.621757884502888,0.636529402237259,-0.023897385725836
"924",0.703568657866989,0.739105463022691,-0.0502595217058168
"925",0.727654408358204,0.760155687009106,-0.0446394072936006
"926",0.696520207829558,0.714517886484851,-0.0257914304465596
"927",0.72974031442565,0.781562021906277,-0.0713207139284039
"928",0.709731975651631,0.760693734794213,-0.0718802963133765
"929",0.664480026163615,0.682114960285936,-0.0265252732997563
"930",0.610872083766542,0.646247593227145,-0.0579193382290808
"931",0.715852471596307,0.779572555023719,-0.0888399966039782
"932",0.671418476280005,0.68775390797541,-0.0242294044522899
"933",0.652603334538485,0.624134494904879,0.0435768521480587
"934",0.734905578072577,0.770181547855552,-0.0479668642831707
"935",0.695639511559911,0.721038436639579,-0.0367125231466877
"936",0.691167682827795,0.717156317940262,-0.0376257413294902
"937",0.697036273276612,0.663108523136413,0.0485948503043877
"938",0.703000991632587,0.756257207539128,-0.0756904506633918
"939",0.671295951255931,0.635086281504569,0.0538455711076733
"940",0.647091733986697,0.640280986709417,0.0105824113209955
"941",0.691535104911535,0.670882949244453,0.0297803695667769
"942",0.684876295645482,0.667733322185945,0.0252867563197053
"943",0.716724089572804,0.839249765773137,-0.170302588384185
"944",0.681941172329693,0.737222046904774,-0.0810167781762113
"945",0.670410382559779,0.736958004312117,-0.100134806357834
"946",0.756295050886445,0.770206399523933,-0.0184310483619218
"947",0.696549640885887,0.676626936669002,0.0286164894776662
"948",0.670356089328502,0.661659203333983,0.012973741852167
"949",0.648855942515615,0.631049001830123,0.0273455525310506
"950",0.638720628685266,0.576978677512758,0.0968613262454037
"951",0.689504933480148,0.710274804412858,-0.0302023447038475
"952",0.712555515192336,0.738156758413046,-0.0359358390132321
"953",0.732399432052072,0.729529315025564,0.00390601308306583
"954",0.697294071857537,0.753715988815033,-0.0808012583339476
"955",0.703150867533464,0.804586753639165,-0.144066108966865
"956",0.711621442532354,0.700095158000238,0.0164585979247784
"957",0.680122327495625,0.722090128227746,-0.0616418797525653
"958",0.708142415614343,0.787899488782721,-0.112244388770733
"959",0.690226376260723,0.717519135264197,-0.0394960427577209
"960",0.701773424849679,0.694615790500785,0.0102155418464533
"961",0.684186872778104,0.682159841678371,0.00294621263700118
"962",0.709238831584466,0.698070590939643,0.0157714516133904
"963",0.712543458665513,0.755865643839685,-0.061021126470537
"964",0.69139746985583,0.733169840533498,-0.0603654520018951
"965",0.679708988211388,0.700566567677942,-0.0309041785418184
"966",0.689501278480962,0.707915464669807,-0.0266147521915527
"967",0.643616063830489,0.667927143826718,-0.0379023257982901
"968",0.72985840641705,0.727884238373522,0.00269981917415914
"969",0.692924199770464,0.657359887506296,0.051243633465937
"970",0.709175457572068,0.709745072333836,-0.00081237578180637
"971",0.672910082765445,0.639782325317791,0.0489236203923828
"972",0.703255800137213,0.684501079448402,0.0265694328937905
"973",0.697209179069941,0.738617010418352,-0.0591484474727708
"974",0.697347059511347,0.704835816801334,-0.0107758667051364
"975",0.700563482282758,0.748678540170909,-0.0684496783429194
"976",0.696504561241024,0.707703158329077,-0.0160166060291341
"977",0.692102919399059,0.678605762043668,0.0194757746758142
"978",0.670975046926493,0.679962461442463,-0.0133420145202162
"979",0.698918325155565,0.698962364378211,-4.79270645931325e-05
"980",0.66637731721033,0.656268625957005,0.0150995460632867
"981",0.707904105972382,0.728812415583322,-0.0295884116052009
"982",0.699914417546553,0.7133385766884,-0.0191108436795866
"983",0.72844960482314,0.720792685070847,0.0104849553523744
"984",0.681393293378517,0.654211845827844,0.0403427253367212
"985",0.698420428006027,0.704562564459002,-0.00876609099707188
"986",0.68380677167785,0.69434359649798,-0.0153461442843194
"987",0.682675866417773,0.713764136383117,-0.0453736098617991
"988",0.699409655284243,0.740567481252085,-0.0589921139919235
"989",0.693332683886622,0.645345339484233,0.0696040502617698
"990",0.717847383533586,0.726676739793445,-0.012238413445882
"991",0.668274050635735,0.649483634320859,0.0281214158638964
"992",0.699914151016884,0.682896549869007,0.0242101990266306
"993",0.702554701049912,0.76579975485028,-0.0895079026833402
"994",0.688168046783395,0.739225835140054,-0.0740603109077122
"995",0.67979322280029,0.712560524429293,-0.0479897302137484
"996",0.668172426844448,0.674018144426813,-0.00872727419079494
"997",0.714195454337592,0.708178897437086,0.0083985299475672
"998",0.666497516013958,0.696150134577964,-0.0448183098193647
"999",0.70271724928458,0.747540973187639,-0.0649343752022928
"1000",0.694017078794283,0.725771833941603,-0.0456659136522491
