"","phis1_500","titas1_500","Phis1_500","Titas1_500","sigmas_2_500"
"1",0.996213130440262,0.931285912576179,0.647412676378498,0.655766602997235,1.43799502899296
"2",0.994686914326459,0.944241016563457,0.56388700506489,0.69498746022715,1.85991788968984
"3",0.996177344438851,0.910844871317457,0.591637234622509,0.722949912028691,1.65673057766393
"4",NA,NA,NA,NA,NA
"5",NA,NA,NA,NA,NA
"6",0.998611394619053,0.931586721910317,0.660776359877022,0.668296659098344,1.71087104099035
"7",0.995572725351417,0.93077623067151,0.566206013652216,0.823702330965123,1.74396744704552
"8",0.995470486427016,0.921738058748268,0.531369087808377,0.702772954052295,1.53259376608047
"9",0.999983478368693,0.929329643696935,0.603493245854212,0.721840975250563,1.544301774771
"10",NA,NA,NA,NA,NA
"11",0.999916488050099,0.940637866243397,0.999344551477805,0.358857666565317,2.2958678975948
"12",0.999988127852892,0.937429286391877,0.555542096407385,0.792458991279459,1.80160591386834
"13",0.997072326743763,0.915365154161477,0.457689234817801,0.822180793028294,2.24808963262946
"14",NA,NA,NA,NA,NA
"15",0.999959283484274,0.966934446275024,0.999752155772151,0.623771155031552,1.63685619838482
"16",0.995201251413049,0.924807036679691,0.565863593615429,0.67953738874158,1.77606678459566
"17",0.996925426573248,0.915732747560113,0.573786453870024,0.730708753231732,1.62358589819359
"18",0.999969644486443,0.947024810891934,0.640307545183682,0.644451800862781,1.65445635739992
"19",0.994516306926849,0.93180000830284,0.625170045331411,0.685818367753217,1.91716584568466
"20",0.992820780347723,0.909908209269299,0.61402449102688,0.717357311020663,1.74025141661008
"21",0.997964848440199,0.943047631411884,0.677892868497209,0.74514394138654,1.68484541634955
"22",0.998500922414913,0.938433383027143,0.634823631997686,0.662921641006953,1.68373975661878
"23",0.999815660457912,0.963488593718039,0.999361463399413,0.357869996960747,2.44691772667478
"24",0.987206817077224,0.954412884837903,0.722229187922042,0.612960150452541,1.844778724526
"25",NA,NA,NA,NA,NA
"26",0.999999986870153,0.936431367790034,0.632344478879516,0.61503813630917,1.79331191681563
"27",0.999987017572538,0.932760386101756,0.9984828779705,0.358860635621295,2.27498533095498
"28",0.997270276507084,0.949262632123052,0.735040931970168,0.716701326328227,1.81361564273404
"29",0.999922956137278,0.924593583311027,0.999388398877325,0.417818679698001,2.20349678920928
"30",0.997372758923991,0.926797703216912,0.631482274348506,0.665714059642121,2.21934984330864
"31",0.997250862152166,0.956191325197102,0.608302277573067,0.776251344971167,2.17013832965505
"32",NA,NA,NA,NA,NA
"33",0.999961845803029,0.959538209622762,0.99982556034382,0.564192723560295,2.28708779249157
"34",0.999842550653725,0.940885927617445,0.999312010014908,0.354479194045778,2.75382772477261
"35",0.999977587078458,0.976737390026657,0.999434650790274,0.303639136083118,1.9865212881684
"36",NA,NA,NA,NA,NA
"37",0.999931731793998,0.918612947922818,0.635716294912117,0.56578919904515,2.0813182371857
"38",0.999961454939168,0.951182043302941,0.579505246612813,0.705627265127045,1.74423848555131
"39",0.998712863276705,0.949150672446185,0.555691825673887,0.787593732793031,1.97854087625329
"40",NA,NA,NA,NA,NA
"41",0.994476870932274,0.912069708193601,0.585803904606994,0.735000437087635,1.54900079669988
"42",0.999899409994836,0.947768229954847,0.999339967926134,0.379083479840968,2.61644576704007
"43",0.996204248470739,0.94625162612252,0.543461146031133,0.699303306920498,1.99961357710796
"44",0.999895049874758,0.977419184378939,0.999231549372921,0.336084549525484,2.01858852102009
"45",0.996524452215508,0.929268433492778,0.634961697923814,0.763911773280376,1.92531137505769
"46",NA,NA,NA,NA,NA
"47",0.997738511777757,0.937185865387462,0.642015909629636,0.691221820675526,1.64421353246486
"48",0.995988977356986,0.947886530317525,0.482409197181595,0.749883636562454,1.67847105015685
"49",0.993890625671561,0.928282744035227,0.549895947135882,0.649474139744687,1.86859599669283
"50",0.99483254932758,0.939340929078419,0.539732603510919,0.765573653653339,2.21162723237157
"51",0.999980382974928,0.935038946828547,0.6212764754938,0.68268315522879,1.6831877036306
"52",0.995542438634238,0.937458530652224,0.608984982799956,0.653550678255319,2.10534205454559
"53",0.99727180107271,0.923226102278084,0.505424673511501,0.694142835661593,2.32709497848705
"54",NA,NA,NA,NA,NA
"55",0.994969699480073,0.922573140512259,0.51083009373301,0.667018070802014,1.76528859136782
"56",NA,NA,NA,NA,NA
"57",NA,NA,NA,NA,NA
"58",0.997123076009825,0.925402903803715,0.570252490114368,0.665053353726516,1.68591469510496
"59",0.995535360352316,0.931680714215734,0.579660255671715,0.651280537189381,2.04190779234767
"60",0.997703551056092,0.94714548003758,0.717976133742754,0.670769922056654,1.83365396321986
"61",0.99999092707902,0.904709917965377,0.521444326984578,0.732164469548111,1.94304346062356
"62",0.998005338602983,0.9165541619162,0.737169498464562,0.70590165444931,1.65505550329548
"63",0.999989751198349,0.924601274689226,0.689089334167628,0.64271819120482,1.7428609159545
"64",0.999894729498355,0.953840658765296,0.72627440711171,0.613687229860107,1.87853997077115
"65",0.999945664150148,0.920768633346272,0.679143195239303,0.768505629816452,1.51116942762847
"66",0.999869621517966,0.943414146080979,0.999545074966633,0.456382949307564,2.17484467589153
"67",0.999757585941699,0.927308913733194,0.577416604605834,0.688744841527149,2.031451949512
"68",NA,NA,NA,NA,NA
"69",NA,NA,NA,NA,NA
"70",0.994538737635691,0.932111181760673,0.541094148363831,0.696773259952577,2.2143796979073
"71",NA,NA,NA,NA,NA
"72",0.99696296064404,0.94126641339239,0.638314737774465,0.727301412509299,1.42159722912651
"73",0.996585399736061,0.919861342290201,0.482997967865535,0.775587428737782,1.8391993690508
"74",0.999955475726123,0.927372301779298,0.674627466295322,0.632648408280845,1.79581132688781
"75",0.996315689705413,0.955027891297911,0.606494723404875,0.721930425019129,2.11002195151742
"76",NA,NA,NA,NA,NA
"77",0.99103253200733,0.944493664658537,0.655712487873644,0.661394140220711,2.11123348231168
"78",0.99970672357792,0.930488469379811,0.610487126932472,0.715450313563312,1.70029334701358
"79",NA,NA,NA,NA,NA
"80",0.996921581308838,0.945029326497473,0.54985616833556,0.699489695979744,2.13754023022281
"81",0.996120951173819,0.924413395282895,0.641518689079389,0.704675014065691,1.66192931625365
"82",0.999987293734376,0.968613525188684,0.639444545056958,0.711818904626419,1.79425226533009
"83",0.999966583934154,0.925064254439752,0.683063119318876,0.74689938347478,1.98467439965937
"84",0.995947871008818,0.916711873457779,0.49065846939908,0.700609087139309,1.61596416937763
"85",NA,NA,NA,NA,NA
"86",0.997936636581561,0.967877285605155,0.613478348386333,0.706687515045853,1.79658630317159
"87",0.996748979268692,0.916255040291776,0.47562177527209,0.789426574230831,1.88303157805537
"88",0.999945726032743,0.970494571078891,0.999143467110815,0.315000220270289,2.57958697572476
"89",0.996186378358017,0.920261642355539,0.517968119370564,0.72298515441043,1.99260319993558
"90",0.998183906477861,0.962941718914843,0.626537013326823,0.700562325923235,2.06372973390146
"91",0.999930677535633,0.986065088620596,0.999677948323852,0.594031308059825,2.21046763095588
"92",NA,NA,NA,NA,NA
"93",0.997869296568174,0.950438776479928,0.496225779297443,0.751870912215401,1.77558729420183
"94",0.994844903616777,0.940606002535957,0.678804631358757,0.682904588719409,2.03626614641232
"95",0.999965404324014,0.928781078788766,0.649311991783016,0.691048593488729,1.84615645281527
"96",NA,NA,NA,NA,NA
"97",0.995525976512467,0.93668887174704,0.626630263098001,0.622304156071166,1.59005107622814
"98",0.998859840650917,0.961272150814572,0.999998773768246,0.619145150583366,1.96570931071232
"99",0.999920094381486,0.945605150329555,0.545931697324764,0.751757120906638,1.82778353614546
"100",NA,NA,NA,NA,NA
"101",NA,NA,NA,NA,NA
"102",NA,NA,NA,NA,NA
"103",0.999989881871917,0.966752753261441,0.99947735877234,0.346219213748269,2.61343015159683
"104",0.99787803899893,0.942238795690201,0.647648853257257,0.592903323779613,2.01385294303912
"105",0.995128853938251,0.928296551871088,0.560487577951288,0.734542586314174,2.15173318130237
"106",0.996376822751584,0.919088775763576,0.571945896259723,0.73619677008908,1.84279189108403
"107",0.995505733230294,0.935440912382079,0.547650305251687,0.63233298039616,1.81432903268709
"108",0.999952517877629,0.959825786061164,0.999968766179787,0.417226229866554,2.4615399344683
"109",NA,NA,NA,NA,NA
"110",0.997647347645493,0.969257454607054,0.631735658859008,0.701288788481528,2.03848372183738
"111",0.999978387593768,0.92194762848326,0.566614605340303,0.717858865806968,1.72591814144622
"112",NA,NA,NA,NA,NA
"113",0.996935763966395,0.937913923295052,0.564850708130173,0.667013727463323,1.62839333906727
"114",0.997904914276812,0.943574277593268,0.643174113798816,0.716333170287297,1.9365078411351
"115",NA,NA,NA,NA,NA
"116",0.99996366717446,0.950293870866426,0.559028405405512,0.763458656414749,1.65344088180391
"117",0.99984338372286,0.968835931970309,0.651967326845574,0.703100162435822,1.69865488093063
"118",0.999983498527323,0.934210386745928,0.658159939485591,0.657540896215681,1.9932793073305
"119",0.993908210508265,0.946557623530361,0.615375419013259,0.746356093039911,1.57612646056217
"120",NA,NA,NA,NA,NA
"121",NA,NA,NA,NA,NA
"122",0.996112073621141,0.954515937139267,0.673052685065398,0.676318578416888,1.99665792113303
"123",0.999915459591309,0.934719280943001,0.569359779456797,0.713105940658322,2.11874843928918
"124",0.999335993345196,0.943758726784209,0.999992992976305,0.583595537925077,2.23370863120545
"125",0.999934931946716,0.984752655222874,0.999588039547634,0.459167997572642,2.00336612847359
"126",NA,NA,NA,NA,NA
"127",NA,NA,NA,NA,NA
"128",0.998801662786734,0.938924319517219,0.519163478345298,0.776832589076719,2.14685785432308
"129",0.995869648555825,0.928815808726066,0.600941957630907,0.645291133768314,1.36433142940403
"130",NA,NA,NA,NA,NA
"131",0.998318238854429,0.926011708922838,0.594136992035959,0.703624717267623,2.17450876835824
"132",0.998261782350325,0.937170635991822,0.603274801922055,0.598834855284884,2.52364093404136
"133",0.999980592788893,0.951503687964466,0.494455837139079,0.78773471179173,1.91704718513899
"134",NA,NA,NA,NA,NA
"135",NA,NA,NA,NA,NA
"136",0.999694521587963,0.923498363635172,0.667200396958786,0.691314218509237,1.93282582359141
"137",0.995055796464668,0.908191914276978,0.67035578671396,0.842208595680081,1.97584447887058
"138",NA,NA,NA,NA,NA
"139",0.9998749829852,0.965791499258085,0.999375530163818,0.375712014077105,1.88847161741228
"140",0.994447074023075,0.91932270953474,0.587172955713623,0.721686352963213,1.58422795419194
"141",0.999972717459463,0.940203348484307,0.999514321145862,0.298035615418906,1.9274351917885
"142",0.999936979709634,0.941687885161895,0.711830797835957,0.617100335434815,1.73322808417176
"143",NA,NA,NA,NA,NA
"144",0.996914202515263,0.923442925121919,0.593661923520946,0.719200569844052,1.61009066731759
"145",0.999953270120164,0.920808763416583,0.5655675465015,0.691349633442026,1.87773834173796
"146",0.995794878410051,0.93109412549445,0.655662313787377,0.732739082547699,1.37951051814329
"147",0.989678371406614,0.938580795298957,0.692091464203208,0.677813006223983,1.97484227211342
"148",0.997830103619314,0.969796697079785,0.495121933886757,0.761402768612743,1.70780701393741
"149",NA,NA,NA,NA,NA
"150",0.999913602684099,0.93647559206633,0.713959790350755,0.711521984743073,1.49209528405931
"151",NA,NA,NA,NA,NA
"152",0.997820636686155,0.931588664103414,0.57884235572914,0.706938868103276,1.84127966184297
"153",NA,NA,NA,NA,NA
"154",0.996914884464535,0.9354162914331,0.568520526099917,0.704128920788085,2.01918151448954
"155",NA,NA,NA,NA,NA
"156",0.994674586505172,0.936217665334827,0.650890279687164,0.635074714704091,1.8943748590019
"157",NA,NA,NA,NA,NA
"158",0.995077223746948,0.9454286137964,0.694606531752127,0.586234423839158,1.70581049122128
"159",0.997666224404711,0.935418956010865,0.692289212207655,0.772937826368831,1.92830270885277
"160",0.999982978771524,0.946236837654289,0.695592323194662,0.712743020824131,1.73534062425403
"161",0.997123724681882,0.928374545644006,0.565013046666479,0.747212906115653,2.09536342691993
"162",NA,NA,NA,NA,NA
"163",0.999833119388441,0.928487959595366,0.527530349484558,0.791660365906726,1.5910325189678
"164",0.997112942204065,0.939538426471802,0.575969564446734,0.709358594198171,1.66211384625233
"165",0.995318418055516,0.925650858826162,0.681105205530165,0.62893738478994,1.78921559266191
"166",0.999584200527265,0.953064864308231,0.618976441271665,0.674354596337889,1.82386234155563
"167",0.999975522115741,0.939957436515309,0.639856786682236,0.612075948383156,1.89802095936084
"168",NA,NA,NA,NA,NA
"169",0.99765824488877,0.931239265929952,0.546043203687143,0.722765709223069,2.13110019761239
"170",0.99997356219041,0.924593065218418,0.65786478114203,0.659800623616786,1.83432589856267
"171",0.995065809543331,0.941076296656488,0.688337877021859,0.719038138801392,1.73365735308603
"172",0.999812716062703,0.95609793930104,0.559012287700984,0.832788813727858,1.47587792340871
"173",0.999985769559146,0.9524762655537,0.553778339815511,0.791922084283746,1.93625558720658
"174",NA,NA,NA,NA,NA
"175",NA,NA,NA,NA,NA
"176",0.998418871642162,0.952918694203064,0.674934441309838,0.655084520941465,1.98008606489828
"177",0.999914921210223,0.948456568463043,0.610023505729654,0.769188252187766,1.61762643066919
"178",NA,NA,NA,NA,NA
"179",0.999954244047686,0.920376115975669,0.675464309155219,0.62765931750108,1.56293183217154
"180",NA,NA,NA,NA,NA
"181",NA,NA,NA,NA,NA
"182",0.995025217883245,0.920268703822422,0.658590704586947,0.749253844023744,1.69916224495218
"183",0.998194247898193,0.905096450460035,0.403677901194036,0.82143151769216,1.51663655945524
"184",0.99836757986413,0.930461747105129,0.683809108960929,0.703097738518646,1.61444178289174
"185",0.99465454440479,0.913428140647146,0.567456018724875,0.79571001434127,1.48768956123616
"186",0.999971090523111,0.916306969042986,0.646066924611953,0.748304357792455,1.89406701810636
"187",0.993175043439037,0.931196977682553,0.64178829954691,0.735927012346233,1.97263783203643
"188",0.993500816263653,0.931247241879972,0.59962729203838,0.73327242602809,1.94599875796432
"189",NA,NA,NA,NA,NA
"190",0.999977912408504,0.943373095967275,0.669082386285056,0.621826626427117,1.86177024374133
"191",NA,NA,NA,NA,NA
"192",0.997715756246166,0.924001869297737,0.673134446754526,0.780389655185425,2.05480509228222
"193",NA,NA,NA,NA,NA
"194",0.992815673757631,0.941705798112869,0.598464989779632,0.656520474867472,2.19407454026893
"195",NA,NA,NA,NA,NA
"196",0.999949104881065,0.96162478938333,0.999496155173414,0.469084859963732,2.11570063045364
"197",0.997884008681182,0.917543365720663,0.642536133331889,0.683636418022086,1.90393699393266
"198",0.99624736702099,0.938243211534284,0.517211600264921,0.811880709003613,1.63767101426489
"199",0.999985192318703,0.905959753722084,0.592712405222742,0.696846482791461,1.65105410370894
"200",0.999545869082027,0.964880448022137,0.999493366622533,0.394407647167885,2.10175459580658
"201",0.995514885614773,0.902778807535201,0.549510276476185,0.671076707570062,1.73438988916931
"202",NA,NA,NA,NA,NA
"203",NA,NA,NA,NA,NA
"204",0.995710552051944,0.935096631893617,0.62815823531922,0.656368075669109,1.74102375804424
"205",0.997933857803174,0.9620686452585,0.743193946969581,0.584023505870251,2.03290684484424
"206",0.998313323552579,0.94144361221112,0.575895974005964,0.773774151442709,2.10418426022998
"207",0.999755053034278,0.938545811529056,0.647292178270433,0.734203426479108,1.60326048270695
"208",0.997932998997787,0.950063296019901,0.658236982266192,0.676271879325747,1.78597350434754
"209",0.999915297469846,0.955217130333239,0.737993927390939,0.663675654582197,1.5457827168481
"210",0.999918162668315,0.506742518794258,0.99837094728395,0.509323455368522,2.6618115993297
"211",0.995915122394278,0.936145211254503,0.681670563288465,0.616486174791581,1.78449094973623
"212",NA,NA,NA,NA,NA
"213",NA,NA,NA,NA,NA
"214",0.997673112482909,0.914743898786429,0.562964050002414,0.739858270077258,1.76973104324698
"215",0.999682485059415,0.986377110609053,0.9995965901881,0.461940749263978,1.97285668944507
"216",0.996784344389949,0.931813200523715,0.56764787182775,0.731405655175015,1.91725775322006
"217",NA,NA,NA,NA,NA
"218",0.996325157585884,0.915370737351001,0.590141279165754,0.693690223685724,1.71157314997453
"219",NA,NA,NA,NA,NA
"220",NA,NA,NA,NA,NA
"221",0.999995720806849,0.964770398199397,0.999350668118156,0.285463333076653,2.7515308935487
"222",0.999991761834631,0.93852000967115,0.999531589121437,0.540715792083423,2.29980599446191
"223",0.9978388815581,0.90340490273888,0.421864205057777,0.711155668995643,1.68065127557419
"224",0.999808454483045,0.978609981277007,0.999738738684817,0.656852508458247,2.06065748722801
"225",0.996374245609103,0.959004961364906,0.670220903857279,0.675231156620529,1.41919124192408
"226",0.995982089012754,0.927819909227566,0.58497872684256,0.774066615514377,1.81468565278037
"227",0.999965546253752,0.9294406686117,0.497168421117299,0.754590820184831,1.71889286992028
"228",NA,NA,NA,NA,NA
"229",0.998290980878322,0.923012861279311,0.555707410247758,0.745360808343333,2.07327337173952
"230",0.999967267739331,0.946866297765264,0.999787527634053,0.542994205554279,2.16838755635605
"231",NA,NA,NA,NA,NA
"232",0.994216082447083,0.921140656844278,0.591934291515174,0.698284580127561,2.12026852681363
"233",0.999514738597952,0.97162100775208,0.67320440264241,0.708547283078984,1.88428427476685
"234",0.999992660427063,0.930469970947925,0.692187152368865,0.656885115731702,1.96999214730707
"235",NA,NA,NA,NA,NA
"236",0.997494572808796,0.92118140309331,0.559330632689109,0.754644357801502,2.32756750574623
"237",0.997702173353913,0.931352733455528,0.657349650184093,0.760168428095519,1.60470481386647
"238",NA,NA,NA,NA,NA
"239",0.994431503719674,0.946498403533624,0.582243686124032,0.785484257377172,1.9261597453721
"240",0.996451071129491,0.934098528647951,0.571795708257805,0.712847027528161,1.69617238963006
"241",NA,NA,NA,NA,NA
"242",NA,NA,NA,NA,NA
"243",0.997085245114532,0.927446078156838,0.561196205723807,0.662301914170662,1.79800276749071
"244",0.997798814917366,0.917537190466258,0.653612987837963,0.641117026318498,1.55445334485498
"245",0.999998151776083,0.947876279806287,0.633640064838133,0.622481344178022,1.9999543537536
"246",0.988580013499964,0.941856329220524,0.678023239327311,0.522644509459897,1.71254680746791
"247",0.999963064460649,0.926766780660746,0.586745443739962,0.763772328150123,1.86164317376072
"248",0.998023758688755,0.942121252793267,0.770531434949785,0.725322558413442,1.65156293734032
"249",0.997914302084499,0.936910607681923,0.659854696992776,0.732957733010316,2.07239342015816
"250",0.99319186085702,0.916090915436537,0.647761957466367,0.698985883821084,1.75922845853026
"251",0.998334179715788,0.941506822926899,0.624291933096124,0.710912337362024,1.67589326950993
"252",NA,NA,NA,NA,NA
"253",NA,NA,NA,NA,NA
"254",NA,NA,NA,NA,NA
"255",0.998250714533347,0.924846443513821,0.506287063765197,0.717154189045826,2.02336035114297
"256",0.994512994346644,0.924932418705322,0.548414568156196,0.716604209323847,1.69224335137847
"257",0.996987162598346,0.925254587057914,0.51623719088759,0.660027579340028,2.00208912466623
"258",0.994608448541615,0.968821486684412,0.588967301202087,0.770450944563593,1.7423355773745
"259",0.999916648237119,0.912957261288009,0.587278173455485,0.781563955861211,1.64430092481999
"260",0.999980804941679,0.939619391198073,0.55876226698998,0.811610004218121,1.75225521378587
"261",0.995141007519123,0.916741998432037,0.566806826246529,0.61476686948898,1.79288091960071
"262",NA,NA,NA,NA,NA
"263",0.999993651278443,0.924850440864786,0.999822148780844,0.279493598058922,2.36190723353931
"264",0.994416152446743,0.927016353494493,0.594732296970851,0.73406599046899,1.71666315966443
"265",0.999925944151305,0.9420642836883,0.999593519546989,0.53178424511323,2.25158054910258
"266",NA,NA,NA,NA,NA
"267",NA,NA,NA,NA,NA
"268",0.990318425326862,0.953140410108007,0.675700797020533,0.663599930386771,1.85067939130638
"269",NA,NA,NA,NA,NA
"270",NA,NA,NA,NA,NA
"271",NA,NA,NA,NA,NA
"272",0.999945173856216,0.947344378355107,0.59315362359005,0.791878208844909,1.76056523190905
"273",0.999940861069537,0.931596313341317,0.606842810788011,0.724661734267802,1.85913178575353
"274",0.994051168765623,0.919849350471956,0.595395747194496,0.687528907985687,1.9319946773568
"275",0.999947375542706,0.955311373942042,0.597049442185567,0.677985184825731,2.0575822599825
"276",0.998298218605642,0.974553009959879,0.628017173107356,0.673513087715748,1.85008433463415
"277",0.999999998991254,0.917415877979319,0.604824900131742,0.735838870118659,1.73592111043171
"278",0.99996675352397,0.932701139427913,0.63482040875494,0.67938820385335,2.09581308311691
"279",0.991544330173525,0.917987568744245,0.620135568006372,0.622499732227065,2.03710346546779
"280",0.999978594664923,0.910256627569838,0.600475322668568,0.717504040183028,1.38295209070612
"281",0.993730507351306,0.920016084898384,0.573520195810707,0.604886755980987,1.91577034427758
"282",0.999936570484018,0.945055370126411,0.999465808596546,0.416415110686457,2.21082305357447
"283",0.999978467360219,0.922065251191138,0.999841031592782,0.268655491468709,2.34569334816213
"284",0.995892968610106,0.929859101134602,0.639790342012397,0.626441493777831,2.03194254627815
"285",NA,NA,NA,NA,NA
"286",0.995372115235494,0.925430960238051,0.687105820641616,0.705166993379862,1.93974702916717
"287",0.999948798447831,0.989315946917475,0.999148256015692,0.322146495863767,2.67657394560609
"288",NA,NA,NA,NA,NA
"289",0.99365225731443,0.945380100050045,0.680763248944702,0.624341461949306,1.74949078038124
"290",0.998258469105105,0.952332802895998,0.618220717491052,0.722947009496957,1.82959580715788
"291",0.998028039707401,0.932784650603031,0.662091409132726,0.756000285485096,1.66284215986818
"292",0.999916623700711,0.957995747898571,0.682030198313864,0.682932409634325,1.83599212776854
"293",0.999994717099151,0.96152872771538,0.665797974966209,0.595962750820815,1.65942161481138
"294",0.995417229751974,0.949296838822767,0.659965737310765,0.779692729366668,1.74499035958772
"295",0.995939125080521,0.938683914686586,0.535238451626857,0.802701406106197,1.96396320884415
"296",0.995850353740679,0.924045658969819,0.547409502114153,0.744804275608558,1.73334179438679
"297",0.999887581189568,0.937682709069342,0.667603065518554,0.768879223027294,1.87073776879716
"298",NA,NA,NA,NA,NA
"299",0.999882548320149,0.968237143892867,0.999702449552391,0.545618705822587,2.19947880131802
"300",0.997757287333199,0.959484361872395,0.57392162359352,0.766018936134407,1.95762388444008
"301",0.997725121336893,0.955137109588462,0.621632321645696,0.762710242142566,1.84260304851984
"302",NA,NA,NA,NA,NA
"303",0.995483341621574,0.936412743062996,0.563224548279049,0.803661143721777,1.78260098358208
"304",0.995575864235627,0.98505732050334,0.629050886508048,0.830953728787885,1.82580601617038
"305",0.9998638810442,0.949154099112674,0.999444082097744,0.40300760109021,2.12044466496416
"306",0.999618162261534,0.97559724767889,0.999542336951395,0.408266696810928,2.14922055584207
"307",0.99851281578472,0.946717033637173,0.661688225549268,0.74602292730921,1.80757608041903
"308",0.99992168629784,0.943439720894068,0.99896088874419,0.295709815314958,2.33822260005553
"309",0.997580626623717,0.951821144490481,0.495061170401573,0.762798319064295,1.6198693711209
"310",0.999994523328271,0.950710753959081,0.999498956884901,0.4317846334218,2.04043189299794
"311",0.998503404689217,0.911642024392374,0.50131310020975,0.747203005120241,1.99489125339549
"312",NA,NA,NA,NA,NA
"313",0.999957513984982,0.935269465150358,0.650402167282985,0.657991010897808,1.84603430760286
"314",0.999982646778911,0.948688221779764,0.622415410533277,0.732891419821339,1.56527690163233
"315",0.999939341518897,0.958524460153609,0.642916547287732,0.71385219378188,2.04329297809123
"316",0.997221409165242,0.957458513834884,0.540113789080522,0.722560958958124,1.70517157094259
"317",0.999443041628386,0.952386522439392,0.742321483915264,0.654746624485484,2.09828311819929
"318",0.996927639445726,0.935979013382868,0.563722117281092,0.824743213903547,1.88663378758974
"319",NA,NA,NA,NA,NA
"320",0.996853462851189,0.947508306465352,0.627394881940999,0.660226855904471,1.94254789200652
"321",0.999936043400139,0.952625690710267,0.999084601553478,0.319370470252044,3.03936592074673
"322",NA,NA,NA,NA,NA
"323",0.995277808833508,0.954374705711871,0.553966045414817,0.755806465633338,1.64118935386249
"324",0.996544069553379,0.924776454136088,0.599501898755102,0.665615509266198,1.76604530906205
"325",0.995418631113528,0.931395738378822,0.608868332234564,0.67418251037669,1.52364893496035
"326",0.994742560885401,0.944076390719804,0.680489297528809,0.658722333147619,1.8988968881866
"327",0.999828546083413,0.903847289849088,0.999420967935124,0.40151615085711,2.14404351607829
"328",0.996418402687735,0.954453387502462,0.628490389639803,0.683309510267494,2.01937300793799
"329",0.999939142371597,0.884433364359119,0.999010951031468,0.330153178612418,2.57902540906848
"330",0.999937317421483,0.923302782846793,0.703855972889197,0.534803730440382,1.37699989183574
"331",0.999922615849942,0.967163368666266,0.999308966997993,0.370203437794027,2.3560418264409
"332",0.992247314925021,0.956369308286945,0.627363371911315,0.672093346873759,1.77607706448402
"333",0.99388696531404,0.931985741014115,0.625013337182825,0.731670102067143,1.88734190854469
"334",NA,NA,NA,NA,NA
"335",0.999988381635853,0.937226181813328,0.705002821275424,0.694568116893778,1.56244560711115
"336",0.998242191210506,0.938114537317457,0.534275787944178,0.724734276673418,1.54885397371678
"337",0.999940719558034,0.96703016935456,0.999765648843703,0.617841653788266,2.24941007332032
"338",NA,NA,NA,NA,NA
"339",0.997163436689157,0.918162609588507,0.571187818276558,0.739313709164761,1.71510151920834
"340",0.99995308938092,0.938003813151267,0.612604670382092,0.741564833040722,1.68120764059555
"341",0.997451429049599,0.935459535246217,0.583079948726474,0.665295159594064,2.08034490219259
"342",NA,NA,NA,NA,NA
"343",0.998722212864417,0.935538357823263,0.999998062727581,0.563983206412942,2.14459573808817
"344",NA,NA,NA,NA,NA
"345",0.999638275699173,0.95284201475972,0.999910140435994,0.656375129851529,1.95996430773183
"346",0.99703376846881,0.933235733957488,0.622566229065624,0.692101708630453,2.05296259089217
"347",0.999252577438318,0.936557506470517,0.662236643609474,0.604128391117538,1.85464788043573
"348",0.998176619210745,0.933212244237789,0.686588462023014,0.62437006145846,1.58718665642357
"349",0.999986798471208,0.951829425676397,0.707437670569211,0.696689802301022,1.82993219235579
"350",NA,NA,NA,NA,NA
"351",0.994285200114042,0.932868680487501,0.568689326558127,0.605135556924027,1.87188927083489
"352",NA,NA,NA,NA,NA
"353",0.999989261541875,0.940903281199723,0.603081603662336,0.730826145615619,1.58261786747761
"354",0.99999595755732,0.938367106021634,0.621682021118019,0.605381652542438,1.81349142928898
"355",NA,NA,NA,NA,NA
"356",0.995654813761386,0.941924197866929,0.499671361712963,0.742201742973739,1.68385091491758
"357",0.997395748599413,0.937954294959509,0.618568296949262,0.693717124912821,2.14191501798298
"358",0.999986742992968,0.94364506559122,0.999770466308692,0.333944375613451,1.9099750604771
"359",0.999971741727956,0.963163529449007,0.672817875337103,0.640780023301222,1.6509978966347
"360",0.9971041189291,0.933523303383189,0.596764678046176,0.557607611244805,1.95159797664991
"361",0.99118754935576,0.95533278594876,0.675392482096191,0.672927946904324,2.27341530374044
"362",0.994565796209081,0.94671592559824,0.56904461781076,0.721749496226055,1.58341806545444
"363",NA,NA,NA,NA,NA
"364",NA,NA,NA,NA,NA
"365",0.999927603953304,0.958904300739149,0.999803330570136,0.610790529073365,1.97892577879919
"366",NA,NA,NA,NA,NA
"367",NA,NA,NA,NA,NA
"368",NA,NA,NA,NA,NA
"369",NA,NA,NA,NA,NA
"370",0.999960815118748,0.929622587046758,0.688192968743262,0.684106204101395,1.81047798923086
"371",0.999820354795066,0.946867114922364,0.999248298233385,0.347533620268047,2.00842000766173
"372",0.994760901747117,0.932883197859579,0.656972353861471,0.851794829901062,1.72911294707831
"373",NA,NA,NA,NA,NA
"374",0.998693225464165,0.921395126602491,0.564936301707128,0.64806814544249,2.24604245697948
"375",0.999861471015495,0.950144010461333,0.672681717922774,0.729655327892841,1.74942744787653
"376",0.99997013777899,0.949620707607507,0.636778851642443,0.697232939079201,2.17167599016778
"377",NA,NA,NA,NA,NA
"378",0.997470754796119,0.959641110097999,0.639679498225873,0.775588463768669,1.66990288633804
"379",NA,NA,NA,NA,NA
"380",0.997304190265568,0.923972969541205,0.672026675561232,0.664519177882852,2.00418511488081
"381",0.998328277034513,0.938366727338288,0.60204631049036,0.798744311831424,1.73092902974173
"382",0.999924193431394,0.931121643559887,0.998385841065032,0.334104274689737,2.37998518618354
"383",0.992631869346932,0.943850294522222,0.713371767032184,0.577948717273226,2.05889512021483
"384",0.998654138992073,0.954185012140303,0.636185755429015,0.699780245377296,2.72942911884057
"385",0.999836351611829,0.930532731067954,0.506158427736831,0.816982035859686,2.07784002975279
"386",0.999951165899792,0.921127982221427,0.623379945468591,0.653420577780308,1.56813908338064
"387",0.999979767020078,0.917913224787925,0.612790493653235,0.626412449900161,2.2291302665169
"388",0.999986155297153,0.944958184459121,0.999799988646187,0.419372760604448,2.04485882845391
"389",NA,NA,NA,NA,NA
"390",0.993353536533076,0.94574241652205,0.494322047968239,0.775730600018658,1.81018006457513
"391",0.995172277844873,0.937042733133269,0.666018578243612,0.662122410160729,1.53825008370439
"392",0.999979871448832,0.923245613530764,0.580361306933303,0.678408764829186,1.42037246767982
"393",0.996332856789658,0.93404552064936,0.621398754355456,0.706324946491485,2.05129075611086
"394",0.99996565216463,0.952793060403665,0.635054590921953,0.721888238513692,1.81539780205564
"395",0.997300789292984,0.923624797046298,0.545726035623025,0.66148847088812,1.88832616992393
"396",0.99818890176503,0.914872572301021,0.62383691217536,0.685146504520085,1.61980191561436
"397",0.998707578276591,0.941490244132494,0.664126153464573,0.808863533169563,1.64558783446261
"398",0.994862599200286,0.940864364282274,0.654608242787567,0.667185443224105,1.81006768363377
"399",NA,NA,NA,NA,NA
"400",0.989723484402164,0.968190343596046,0.721133797697475,0.723240324213543,1.83495238408904
"401",0.997140382581964,0.939316919876978,0.619904844384309,0.624584327457774,2.20570150689243
"402",0.999841962305794,0.951071736930142,0.594151846759538,0.649806939044404,1.72646943905776
"403",0.999265460950453,0.929099085909738,0.635733532707928,0.625317873097202,1.68847066769681
"404",0.9999415198216,0.950726565188536,0.999799463729013,0.273940082246966,1.88815538858346
"405",NA,NA,NA,NA,NA
"406",0.999991984218932,0.958498831691145,0.99955810425491,0.298654096749145,2.75296639553394
"407",0.998045123879575,0.939462875704562,0.623995996519515,0.676200871489921,1.99309589364601
"408",NA,NA,NA,NA,NA
"409",0.993233379609718,0.933862609654022,0.583245962562284,0.660899629508502,2.02726442392759
"410",0.997841055021884,0.917750890541752,0.527984753022069,0.74583472524927,1.59254086697127
"411",0.997672245071399,0.937056959745256,0.533849433986119,0.730738876751425,1.93467259891693
"412",0.996431767090444,0.923387700717954,0.610057002287662,0.783031629928137,1.79996748814008
"413",0.9948736509422,0.947305530965481,0.557535677229128,0.704051860373326,2.09990909224491
"414",NA,NA,NA,NA,NA
"415",0.995539682380788,0.94778640378834,0.708485917205801,0.650737398679101,1.65528565402105
"416",0.993897065562033,0.933820735862154,0.565913966787412,0.611320836663797,1.46713734833503
"417",NA,NA,NA,NA,NA
"418",NA,NA,NA,NA,NA
"419",0.999957416147023,0.967427163886003,0.999870129630918,0.311112585084506,2.37236363083198
"420",NA,NA,NA,NA,NA
"421",0.999992917961582,0.946128453586673,0.705598862362059,0.716604379529252,1.72422478246934
"422",0.999785124149613,0.94940705317638,0.999873839197797,0.516779678137665,1.85560815830055
"423",NA,NA,NA,NA,NA
"424",0.999868358167689,0.986486730050171,0.999119540038636,0.471999781426648,2.10899128998336
"425",0.999978360212657,0.9461981568712,0.658420485208651,0.688879557825946,1.75403306348245
"426",0.999982005883116,0.952750938412522,0.999626544843765,0.620383617391141,1.85933087671605
"427",0.999738728050387,0.917102981767464,0.698515798506616,0.734546869057705,1.59847183763156
"428",0.996371962426446,0.913543207000222,0.596532956992487,0.704883971634909,1.70164226554583
"429",0.999989454817882,0.928467643324801,0.68675875417871,0.662488797775285,1.69002587369552
"430",0.993071635833112,0.921924486289204,0.623179432741418,0.664636583124758,1.80411130180893
"431",0.996928387827218,0.925413024165082,0.501749536289954,0.747749553365418,1.77523460476074
"432",NA,NA,NA,NA,NA
"433",0.998273569088525,0.943047401293447,0.738569798409509,0.544311747225222,1.89347068815
"434",0.999917207329486,0.963198085717696,0.999302689100965,0.461566009927918,2.16521918627648
"435",0.995495118877018,0.940623440432125,0.675715703225948,0.676813985549367,2.13724592091255
"436",0.999947990924023,0.947352626155447,0.586994463841266,0.754396902257518,1.5711721309082
"437",0.999860020096799,0.94117511182128,0.611896752438962,0.751468815914303,1.35784299911334
"438",0.994769570926675,0.905008669487074,0.513721935350291,0.677819682801708,1.56859145058209
"439",NA,NA,NA,NA,NA
"440",0.992846096435165,0.928634149837591,0.673103513817129,0.807777463689818,1.76808251866919
"441",0.992965700608559,0.938687494500353,0.658029556203813,0.640357605758637,1.75055497183351
"442",0.992327142717176,0.950140765939563,0.600623046568342,0.617262047218963,2.10560087394224
"443",NA,NA,NA,NA,NA
"444",0.999796480822107,0.9566242637487,0.999335969285868,0.366910869437553,2.34383835601192
"445",0.996413404266645,0.939831951182629,0.586054400855822,0.766984448267304,1.62263312300829
"446",NA,NA,NA,NA,NA
"447",0.9946964903693,0.900019084932155,0.495682505341901,0.635689079136218,1.75534141962741
"448",0.997761489691851,0.93351875177859,0.524115613997851,0.724176714384465,1.99736870343569
"449",0.999956718185612,0.975083627437239,0.999145931536619,0.332224234486916,2.15783720473465
"450",NA,NA,NA,NA,NA
"451",0.996518041342336,0.927482240294548,0.646271952828548,0.667824796619242,1.46398510881349
"452",0.997145880167556,0.951151399426654,0.600444934795501,0.652115384847573,1.60075273196535
"453",0.996870644923064,0.925083268751813,0.623217133866643,0.649386656707478,1.99994677746627
"454",0.999986665416878,0.92746583170405,0.573043626994712,0.854953767530354,1.61783516686898
"455",0.997750687125996,0.938089061807688,0.562289385742666,0.670178359135086,1.68007272130115
"456",NA,NA,NA,NA,NA
"457",0.995045774685659,0.929425996321924,0.569397319709045,0.748159036409419,2.10426245891766
"458",NA,NA,NA,NA,NA
"459",0.994878849423089,0.935672989314115,0.58162332911499,0.720942291943854,1.85798478308158
"460",0.999975996896347,0.932657742099996,0.999935057572528,0.304949333227193,2.5032462181629
"461",NA,NA,NA,NA,NA
"462",NA,NA,NA,NA,NA
"463",0.998090347029194,0.94101046134223,0.712517487423318,0.572530913310604,1.49553596512454
"464",0.996393885382935,0.940257035354029,0.5977156848078,0.724627400910995,1.9399256207784
"465",0.996388930161117,0.919556707350764,0.552115876351399,0.727584704100697,1.64664926034051
"466",0.995620147402419,0.937561902972182,0.598532102938508,0.767175287129984,1.69107782320625
"467",0.995989064735547,0.943359970227549,0.604697854952072,0.6607600273268,1.93376683323026
"468",0.998379026191044,0.940078418504901,0.572036874691343,0.743783539852287,2.13673542091939
"469",0.997227902863443,0.923025603898148,0.477229690834706,0.787010087560304,1.77847036326929
"470",0.996075282374034,0.927636908660397,0.59164980014126,0.818979194029897,1.59444231484426
"471",0.999956867792858,0.96324226774132,0.999713116137414,0.659175573390987,2.11547563463415
"472",0.99569725881928,0.933027054234064,0.533756403047531,0.752271640991115,1.82136061234735
"473",NA,NA,NA,NA,NA
"474",NA,NA,NA,NA,NA
"475",0.999960677403895,0.947720624641683,0.629134033641369,0.670198354580213,1.94049906511025
"476",0.999303898885969,0.942358030082002,0.58531369202593,0.675341935296664,1.72224288689467
"477",0.99838786021964,0.915880250261676,0.676623761149257,0.622182117346136,1.5968651712449
"478",NA,NA,NA,NA,NA
"479",0.99995624352495,0.92966754022808,0.626006283261924,0.698614955443621,1.99362637418223
"480",NA,NA,NA,NA,NA
"481",0.999971065336468,0.943349767552905,0.597445377846782,0.738104833598995,1.90120097393957
"482",NA,NA,NA,NA,NA
"483",0.99744929074582,0.922925872035446,0.511476608634345,0.714734876386403,1.88187704969904
"484",0.999971070954171,0.95667089463348,0.999391601011112,0.31395293314067,1.77673504416326
"485",0.999914373216559,0.938098701066902,0.598525795439534,0.710420433010962,1.9812892319152
"486",0.996322739418494,0.940598050015058,0.675979745852967,0.679825628054854,1.92646713705614
"487",0.996986720312436,0.916310223018156,0.53232258429101,0.786982907801243,1.73220596365248
"488",0.996327583284331,0.93199239753185,0.67148449580424,0.702742452946864,1.7903672705803
"489",0.999972219052346,0.915725025207023,0.468422207883619,0.820611288621946,1.82328382264691
"490",0.994883709991289,0.928145813622229,0.652571065107714,0.609334624606568,1.89036693490864
"491",0.999975802916033,0.912340334948386,0.626914301836419,0.651962891119831,1.89193370489367
"492",0.999867085880203,0.942975540477637,0.999582110092291,0.477088937171026,2.25162504721828
"493",0.999916256037715,0.91684813751459,0.589543343862676,0.731584119811457,1.82701436101771
"494",0.997524523681836,0.93178345939524,0.682383469216212,0.61220787438009,1.84202467859164
"495",NA,NA,NA,NA,NA
"496",NA,NA,NA,NA,NA
"497",0.999869921200835,0.993674952546706,0.999000856110443,0.317878096417825,2.38533329444555
"498",NA,NA,NA,NA,NA
"499",0.999940653286212,0.910764143408647,0.61226629159649,0.738061953430554,1.96411340086013
"500",0.99792018084309,0.934769337222755,0.678675525557707,0.619857496688433,1.81295267583028
"501",0.999996040966881,0.951890762464713,0.999419068495385,0.370894550484519,1.98353535509354
"502",0.999918514207188,0.95849993477989,0.999798110017585,0.561386568004326,2.07591714929482
"503",NA,NA,NA,NA,NA
"504",0.992820852111133,0.933869178440143,0.627393149444431,0.660434366427137,1.84071593095215
"505",0.999403077707028,0.919017404871266,0.534144455569196,0.743014985501093,1.72029371181159
"506",0.999894289706581,0.931471357409636,0.652367166025846,0.677442485080798,1.57025523527632
"507",0.994742134657224,0.935051219030701,0.564222081299035,0.661681813953019,1.7169826776376
"508",0.999981672242294,0.9291617035494,0.999666362693449,0.580308923344719,2.28099403684216
"509",0.998580211885442,0.941060515576414,0.496901753539254,0.735046518640617,2.31329580368496
"510",0.999982228464341,0.927487344052097,0.717671201365966,0.662650046326281,1.87536842500033
"511",NA,NA,NA,NA,NA
"512",0.995767039910944,0.939966196641499,0.573583311377581,0.796590250258498,1.85816542559196
"513",0.995137231494335,0.926356314511651,0.540670650514474,0.780836697026663,1.84277625592162
"514",NA,NA,NA,NA,NA
"515",0.999959082350291,0.955390306681686,0.549597893320182,0.676922645428923,2.09879413052325
"516",0.996817443566331,0.929068629357979,0.593235905735827,0.664413601828789,2.50988317062301
"517",0.997318973883787,0.941374976397911,0.604068788112689,0.7897866320627,1.75770992639675
"518",0.999910197163913,0.935804004677808,0.643972985721069,0.684315325003693,2.15841121149181
"519",0.999974428328624,0.94506280917069,0.571985864118925,0.731941432188612,1.96095664347006
"520",0.999917604105034,0.968536623765486,0.999562130142486,0.464103969597604,2.15270868636207
"521",0.99996591861657,0.953599638864322,0.999145355578236,0.341038520252332,2.01199778718814
"522",0.994943331590664,0.961354287368569,0.581591015575907,0.725902354162549,1.74791580001983
"523",0.999912629732333,0.919148067396072,0.463515166124032,0.826705651164847,1.85224922028125
"524",0.998221126045585,0.93982656090188,0.55886876207041,0.677889218048581,2.33636448595618
"525",NA,NA,NA,NA,NA
"526",0.995585956705604,0.936722246972856,0.561798977419147,0.81671886029596,1.5719609709659
"527",NA,NA,NA,NA,NA
"528",0.999693932202948,0.937879714141179,0.611009995927994,0.619835306181015,2.10485444138354
"529",NA,NA,NA,NA,NA
"530",0.999985999823899,0.963645864478569,0.723521735332102,0.704765583312024,2.20307538382519
"531",NA,NA,NA,NA,NA
"532",0.995775861429296,0.933292051805594,0.545206610760061,0.714135745699524,1.45829749009074
"533",0.999993284799474,0.946513300860149,0.999452280422202,0.478759771496415,1.84550089438341
"534",0.9971220705548,0.932930831002492,0.647526298331763,0.704968229776819,1.82069927351473
"535",NA,NA,NA,NA,NA
"536",0.999901676473575,0.958356739742349,0.622269154452763,0.697997984850735,1.86985320752941
"537",0.999986094006276,0.92642558830288,0.614554573158931,0.713710621408795,1.49511551972892
"538",0.996336889506933,0.925564955815574,0.619941427630089,0.769552937346325,1.49560556125747
"539",0.999994212463155,0.975803402579786,0.999327784259986,0.364437005227572,2.01993590292817
"540",0.999981047503817,0.973284074992627,0.999543130643783,0.392068178903859,2.24689826047291
"541",0.997769828620317,0.918587041997313,0.552511583592708,0.685869291225633,1.9899155971841
"542",0.996922041823685,0.926640181694314,0.564055939694219,0.72993672603111,1.84891602284342
"543",0.999992999648475,0.92605848189595,0.630826862470447,0.743373299769504,1.84413548813309
"544",0.999922376134474,0.947147231797533,0.999867879722317,0.594580792992391,2.04724327440582
"545",0.999854645397935,0.930944320986211,0.544699062630831,0.661082907342018,2.05472752646196
"546",0.999986461049212,0.935345802221532,0.575059771273769,0.717721756410006,1.95164186630821
"547",0.99634289779138,0.927400411131558,0.683494320674838,0.640352443074625,1.84396307451684
"548",0.999939617648738,0.938353754552776,0.999203351302253,0.354296476767722,2.07942534299828
"549",0.999849847541125,0.940744016348908,0.999429416141227,0.395035985858519,1.90527459861909
"550",0.99388169115872,0.941633613500222,0.652439714606451,0.693375767306495,2.29804067049478
"551",0.999832698053888,0.980377979931024,0.999401629363768,0.35478397166233,1.96708131343817
"552",NA,NA,NA,NA,NA
"553",0.999798079162546,0.951832607434588,0.591196672832425,0.799279202746617,1.71537993174731
"554",0.992307123743184,0.947731564450566,0.672973392892928,0.721578513015049,1.5362835114482
"555",0.999888890271895,0.970216144729212,0.99975478427732,0.642563210884942,2.222583676192
"556",0.99996655632059,0.916024089036656,0.544692199912412,0.726837886612183,1.73574219365286
"557",NA,NA,NA,NA,NA
"558",0.997857578674115,0.939332419380517,0.592819697189573,0.762523914764259,1.69288500792111
"559",0.999886080870974,0.963798370364797,0.999883557298255,0.761685303367207,1.80971424864185
"560",NA,NA,NA,NA,NA
"561",0.995323731978133,0.94528444423299,0.577046178657998,0.827274524082643,1.46797192254559
"562",0.999488704961888,0.952462033712657,0.727348921152281,0.679882116521452,1.80110172407237
"563",0.998868691932053,0.939958755169565,0.495398283437511,0.747428542000749,1.89648893472406
"564",0.999313134326703,0.93920782795372,0.486087133014856,0.725070050350807,1.65529450166039
"565",NA,NA,NA,NA,NA
"566",0.993419976568942,0.968207992957106,0.999999882285118,0.659086992096787,1.94611081741811
"567",0.999890508992109,0.943258185045967,0.578551455846003,0.665164281398902,1.82545223378764
"568",0.99995729255087,0.930450772703931,0.567364436569074,0.764015012558649,1.62998772564602
"569",0.996539482814488,0.933943416117704,0.627592117548681,0.673838885681641,1.89335030169009
"570",0.994691378951151,0.925003166561967,0.543571880611407,0.725745074161368,1.87335799228258
"571",0.994643943515404,0.903484369968565,0.542677702239151,0.732053782019183,1.81332678030752
"572",0.999983226733217,0.943163585331775,0.649214376182066,0.774404444303355,1.71705673413721
"573",NA,NA,NA,NA,NA
"574",NA,NA,NA,NA,NA
"575",0.996225058785078,0.940554665969314,0.65496385478128,0.747845064486394,1.62111662382908
"576",0.996355847631498,0.919083535321274,0.577021146691774,0.79763268820619,1.63897046116948
"577",0.999977253355076,0.937382415971409,0.601982570186753,0.796803465628816,1.53435521382475
"578",NA,NA,NA,NA,NA
"579",0.999890760755407,0.925681145878649,0.57467900084526,0.680087491708062,1.76565217416921
"580",0.995069802378548,0.937718533234803,0.530521590397158,0.658086659379898,2.10183507043765
"581",0.99808361551524,0.940244595529747,0.589637126875043,0.716158492528416,2.15157898263412
"582",0.996937830528194,0.953130892421197,0.758936450570523,0.597544842212217,1.92603708473917
"583",0.999996424988305,0.923815069646812,0.999713720315168,0.385895013009405,1.84206561908293
"584",0.995997857956038,0.931074754472061,0.65302427755123,0.724961819775786,1.68049974022114
"585",NA,NA,NA,NA,NA
"586",0.999941384848947,0.95507569597382,0.614307727492408,0.685727498317083,1.56478680192955
"587",0.998068616178098,0.913008372368097,0.586400370279538,0.760237215743952,1.68889049167355
"588",0.999986371464967,0.947856959638109,0.68411873748722,0.716608972220957,1.92368523446344
"589",0.996892123412918,0.929903451923193,0.742842468979266,0.577340812835372,1.64444379595997
"590",0.992652097397153,0.902473644601331,0.614924938338581,0.710619005269348,1.35675831834246
"591",0.998051846710466,0.939879566239744,0.637909475558928,0.668344082817946,1.69203294717567
"592",0.997637185141663,0.915040350799586,0.5284183889645,0.73288116502037,2.18290803690721
"593",0.997607493459283,0.931471353641769,0.683278131267804,0.545109732045662,1.87181405854505
"594",0.993350460380134,0.983780415381537,0.617460126075663,0.734092895129259,1.81609907562075
"595",0.999875227900953,0.953894361581606,0.999587622637182,0.480033810387177,1.84578280784928
"596",NA,NA,NA,NA,NA
"597",0.99891259279837,0.93313433683442,0.67262783930454,0.762387832563877,1.96998189066657
"598",NA,NA,NA,NA,NA
"599",0.998184180137452,0.937496574252624,0.676975457449078,0.723037270297346,1.66077185082537
"600",NA,NA,NA,NA,NA
"601",0.999932604926218,0.962558141568953,0.999389033305359,0.405454137267901,1.98447530663693
"602",0.996721059692853,0.940575556361885,0.590837066498612,0.665128540877113,1.5117926866878
"603",NA,NA,NA,NA,NA
"604",0.99986703158998,0.930917182019417,0.660295531170613,0.713721235017734,1.66223512432796
"605",0.995304116495342,0.942080004428228,0.564064342453284,0.779359386209925,1.43328097303183
"606",NA,NA,NA,NA,NA
"607",NA,NA,NA,NA,NA
"608",0.99524982073473,0.943992155011521,0.568205347201238,0.785968550991489,1.81865675241103
"609",0.999597316679855,0.970174199503605,0.701114957619231,0.592183228104805,2.0168590535563
"610",0.992895190527881,0.927025972326106,0.623915637173698,0.653452475581251,1.44113845959012
"611",0.999917504631704,0.930506690470474,0.505527474245843,0.720154472842834,1.88445755182592
"612",0.994400996583408,0.927569566993368,0.646044875761364,0.744533320143691,1.76231265196128
"613",0.99698422969548,0.938770433434363,0.598657260042314,0.743807468642046,1.89461103810313
"614",0.99486045586502,0.963676003419773,0.621505633656006,0.738481331622412,1.82099003606282
"615",0.997338378052311,0.938979117847862,0.541856314786211,0.776882152473675,1.9905717770293
"616",0.997322612475799,0.919658610254795,0.570546584615195,0.76055113048939,1.76101237752451
"617",0.998089159329722,0.939202708811579,0.634208064470149,0.627694688968124,1.4726580268047
"618",0.995764112284777,0.940200265714426,0.526961424086365,0.749261937938549,1.65301823177581
"619",0.999935743541902,0.933221342783658,0.485738285956498,0.670062083709277,1.91770291286619
"620",0.991320080283488,0.940206784669985,0.67298918609635,0.741956996212792,1.72419353730697
"621",0.997664436113998,0.956097461687129,0.660945134003809,0.670056056877312,1.99076252597095
"622",0.999735206257306,0.903589537877534,0.528785864724409,0.714449723890449,1.77011168990971
"623",0.997117125718352,0.934871215029815,0.527760366564803,0.773114179319338,1.6522729601354
"624",0.995254406006848,0.917215554040734,0.543986018728934,0.702182260076245,1.52545597576273
"625",NA,NA,NA,NA,NA
"626",0.999041642478749,0.956155023925741,0.706300713361252,0.613078858818259,1.81076468568809
"627",NA,NA,NA,NA,NA
"628",NA,NA,NA,NA,NA
"629",0.996894461009231,0.941816672080156,0.572288561620236,0.793547541769961,1.48472159261061
"630",0.996636968613044,0.940581146062565,0.630844907783832,0.773757048060521,1.61940921553273
"631",NA,NA,NA,NA,NA
"632",0.998252302497712,0.937964840514761,0.646318270591278,0.644228464974303,1.77180302169518
"633",0.999071282675881,0.905124345136514,0.51370998844054,0.671501487518782,1.66116375638174
"634",0.992863373499165,0.951399031744526,0.639322507487607,0.772306918270462,2.20380753770129
"635",NA,NA,NA,NA,NA
"636",0.999983787641232,0.936292997933544,0.594120424890201,0.70254839700705,1.66017661889284
"637",0.998052438530562,0.9521876537129,0.676687188826134,0.576223756810657,1.46881896464823
"638",0.995104499162674,0.953680860116343,0.678392776508426,0.750019926574126,1.82111002321485
"639",NA,NA,NA,NA,NA
"640",0.997719780249669,0.934961036667403,0.636547861128252,0.76688032792903,1.85845562606075
"641",0.991137783291902,0.911614414392191,0.645277532513773,0.660634022466649,1.65991251015632
"642",0.999909778465013,0.487450471283039,0.998303084991913,0.522518930308302,3.34401171119999
"643",0.996130483750325,0.904305303380736,0.602501386181249,0.721825175971927,1.76558700409827
"644",0.997984959077329,0.925589408588584,0.579047361120564,0.745415201061039,1.93576698704185
"645",0.999828234079699,0.931552048568601,0.625796176275498,0.607430458666756,1.59630942023853
"646",NA,NA,NA,NA,NA
"647",0.996668508288286,0.911582087464696,0.589732748548838,0.717726236237256,1.44228423448653
"648",0.999836895241081,0.947292454047586,0.561457305479823,0.716432565222728,1.98408771803665
"649",0.996606324220701,0.95323877937724,0.583656805462983,0.737440010599213,1.67436395047516
"650",NA,NA,NA,NA,NA
"651",0.999820735366693,0.976464162872867,0.999797253741642,0.577671374429699,2.07940153672479
"652",NA,NA,NA,NA,NA
"653",0.996418785825332,0.927091221841678,0.572642409019761,0.806291467911961,1.77083116307812
"654",0.997594489443146,0.921331930097288,0.593969191804411,0.721801736049295,1.85612589669611
"655",NA,NA,NA,NA,NA
"656",0.997926893189155,0.9409110207107,0.679658494907446,0.789989305062073,1.9334277937809
"657",NA,NA,NA,NA,NA
"658",0.999985005942355,0.946477279361807,0.621735773346671,0.697623100943673,1.77339236874151
"659",0.997408284268821,0.947970226720041,0.693353722016436,0.613008038289665,2.17540368950379
"660",0.999886979171176,0.940910851150517,0.662919793614999,0.707663729736614,1.86215351081822
"661",0.99999148490999,0.946633652583451,0.998988982912092,0.30991705715498,2.36942261541306
"662",0.997289619796638,0.944593143218018,0.664797287957949,0.673748812624408,1.65864978624749
"663",0.999927866803798,0.939807941902152,0.999502858073033,0.470324655781701,1.96804090512399
"664",0.997014553999102,0.939901052056743,0.654415514181013,0.679284868642864,1.81367051117045
"665",NA,NA,NA,NA,NA
"666",0.995343517365602,0.915170665510354,0.579938954393523,0.722332635378769,1.60474138268007
"667",NA,NA,NA,NA,NA
"668",NA,NA,NA,NA,NA
"669",0.995103437462778,0.922659284100758,0.568710990294364,0.749571058686814,2.21551893816956
"670",NA,NA,NA,NA,NA
"671",0.999896029374695,0.968971565661403,0.999434510031441,0.405216896744333,2.41208611803599
"672",NA,NA,NA,NA,NA
"673",0.999983420417031,0.947424580673091,0.999556568674233,0.324335669740057,2.44592861693205
"674",0.998163999712037,0.910882204653745,0.543553582303432,0.857102656285663,1.93746409645208
"675",0.995447970855042,0.943436718990157,0.56050001467606,0.754105409806453,1.81777260656811
"676",NA,NA,NA,NA,NA
"677",NA,NA,NA,NA,NA
"678",0.996357673129729,0.919841900373459,0.683247638508323,0.616350593701831,1.63395617933038
"679",0.997459548845938,0.952009506783432,0.63130653804379,0.683620599443434,1.95652827811015
"680",NA,NA,NA,NA,NA
"681",0.997289900680272,0.92606077877131,0.638562146448706,0.672370071745551,1.96599639477007
"682",0.99538030462254,0.920268867917561,0.56203157110713,0.769673778617862,1.88661039230371
"683",0.999991321616193,0.923740386854706,0.999761147931885,0.36361369848239,2.13337389374745
"684",NA,NA,NA,NA,NA
"685",0.995378364507934,0.938512452987339,0.566290696886409,0.797039950795752,1.68923419264352
"686",0.997377413162259,0.935412981132421,0.671445135218599,0.745585852212323,1.58845492936704
"687",0.996545245626981,0.924926533351502,0.564194453260492,0.690699704901439,1.8157973293099
"688",NA,NA,NA,NA,NA
"689",0.999899025891929,0.950768805604158,0.999200784608091,0.337740691083425,2.79266108155253
"690",0.998221112195484,0.935905677371682,0.615719910739652,0.728203195664048,1.77243640081557
"691",0.999922216176999,0.967590023076349,0.999727908941108,0.618866000302347,1.6541883096021
"692",0.99757581163759,0.928812133920965,0.591900297558335,0.736921308071493,1.80211801146512
"693",0.993036194135405,0.932091138355537,0.649183325777556,0.745547372858601,1.68984346176977
"694",0.998539997117445,0.92429602692979,0.646202192046045,0.660501073068728,1.61103430626195
"695",0.999971063151654,0.92735448738998,0.635675503407019,0.784682065124588,2.14560290890626
"696",0.994487464897912,0.916667305165208,0.614745388434283,0.644981666494067,1.84532480139556
"697",0.999948646473621,0.954828287424894,0.644243215947198,0.592180455017461,1.93593348598811
"698",NA,NA,NA,NA,NA
"699",0.994127398859627,0.942722453336922,0.601266589503152,0.726982552454708,1.74729668306612
"700",NA,NA,NA,NA,NA
"701",0.999919503961265,0.943662103212266,0.648398692301845,0.733060010430049,1.68527274681588
"702",0.99462381309438,0.943468213095795,0.563961213812417,0.758327197136673,2.26866423160581
"703",NA,NA,NA,NA,NA
"704",NA,NA,NA,NA,NA
"705",NA,NA,NA,NA,NA
"706",0.995591698907571,0.964760811274248,0.532312597451628,0.80126867356076,1.87875958633006
"707",0.995421034159178,0.974887098681017,0.566424714022125,0.736777061871859,2.0280284479163
"708",0.993007353683884,0.926458162761395,0.637815922139408,0.802934478765598,2.05677604332835
"709",0.997308583765928,0.923453698744901,0.592062933967887,0.744170104290759,1.8609311771294
"710",0.994450983345335,0.921668750218553,0.595737035984948,0.721520496383264,1.51538971786297
"711",0.998778616556952,0.944679878676367,0.595403364432959,0.744344080224834,1.75583607310617
"712",0.998078111284699,0.935482814155828,0.580826228319794,0.677373087569603,1.82456974973116
"713",0.999974771218876,0.934488871357291,0.696238306222833,0.745286205945532,1.48947420955368
"714",0.996626336564776,0.952616260910601,0.574407769951707,0.713849738461169,1.79681636924851
"715",0.999466138907414,0.980653024095086,0.999919237478555,0.75480310935126,2.59773625571477
"716",0.999852463496893,0.96894391816424,0.999337760848709,0.340332409828906,2.24106343078953
"717",0.995213611904951,0.927479750113614,0.594481217416593,0.754119914179026,1.68862908222731
"718",0.992597663835185,0.940830097490018,0.647155135585977,0.697161896464321,1.67075662298981
"719",0.999925365506903,0.925069614925609,0.999696396641157,0.595523132572419,1.9881664270232
"720",0.996157182751203,0.938352573092788,0.608215899918236,0.720422305788664,1.62076737476175
"721",0.997679961636294,0.942826865084783,0.540147695470633,0.758132105527534,1.86877434900504
"722",NA,NA,NA,NA,NA
"723",0.998071979411637,0.933132479860803,0.574890871712769,0.810178372790533,1.69046288948961
"724",0.996496768291605,0.941295290843527,0.999788089274343,0.653250864360659,2.10418403081985
"725",0.999908225896334,0.948849639629206,0.999576718395359,0.499753306795832,2.26206329312101
"726",NA,NA,NA,NA,NA
"727",0.996620147583329,0.960206832334922,0.648481533575237,0.624511551030944,1.58768103821166
"728",0.997794432453689,0.940155355373044,0.638681788660447,0.63129010485848,2.39837525353262
"729",0.993561080301888,0.932511307380701,0.634583439106137,0.755752191650712,2.04084395034977
"730",0.993085250688827,0.947900156143773,0.58687617999925,0.648317605374295,2.47254759715602
"731",0.987717861209168,0.956616409015128,0.72612930878652,0.606379222490329,1.59516114911679
"732",0.99797888806704,0.930050600622386,0.5553843646918,0.670417009550542,2.50372381830181
"733",0.999295993939951,0.377260930167157,0.996651172570843,0.401964412493832,4.07511812511191
"734",NA,NA,NA,NA,NA
"735",0.997900697673193,0.914756959634401,0.515123291861451,0.834970769273454,1.81391762518618
"736",0.997093293698284,0.952152253879666,0.577727037472447,0.626109008503068,1.81380794035585
"737",NA,NA,NA,NA,NA
"738",NA,NA,NA,NA,NA
"739",0.997258687335918,0.95173860094329,0.650393397734342,0.687839425101823,1.82310028765514
"740",0.999921080837959,0.952444670118209,0.613091578970775,0.631649180093218,1.65914488493553
"741",0.998787238837543,0.946533036612734,0.645817174604337,0.565595303339882,1.76173025344153
"742",0.996370604265249,0.937597184689022,0.595565228873512,0.720686881583594,1.69777088074432
"743",0.999938311301572,0.960420289097458,0.999322145579149,0.362337811713599,2.78507358230174
"744",0.997229691075103,0.947453174464351,0.655692940102287,0.74275763543923,1.90827647303974
"745",NA,NA,NA,NA,NA
"746",0.995261022097859,0.917123161755246,0.527560708124345,0.664125843244923,1.80061215292671
"747",0.996332198297062,0.937361367445193,0.550326362023704,0.73647332244027,2.049483426895
"748",0.99999226669116,0.934639906598072,0.655799837068244,0.732387422611393,1.80427761948376
"749",0.999973957300882,0.929296497504816,0.504978465035253,0.712913424313441,1.75555878037762
"750",0.999976939073163,0.950575886947483,0.680845928387862,0.653861861634476,1.55442589275398
"751",0.999969785039446,0.903022759575752,0.463007786568936,0.768104128564666,1.68346201204053
"752",0.997848112120285,0.938085164870915,0.511634615962002,0.67180459391121,2.01277838466348
"753",0.999527969515,0.997126977846124,0.998675307267863,0.633907849815383,2.68869762692409
"754",0.999852957303322,0.95446524964114,0.602674585426714,0.641116445666607,1.99109242986142
"755",0.998175863709364,0.927489248799572,0.583081212694108,0.587503735169628,2.00295427394293
"756",NA,NA,NA,NA,NA
"757",NA,NA,NA,NA,NA
"758",0.996431081482018,0.951961833417175,0.56706418590225,0.735000463276927,1.67837486188613
"759",0.997724492721201,0.933286256516763,0.630587497556956,0.75498253253466,1.87649196425766
"760",0.9940590855933,0.915707047747186,0.599067796444482,0.649807164753688,1.6001836359134
"761",0.999990502077382,0.941944590596892,0.699198757595715,0.744161987233847,1.6994449704207
"762",0.996630622935465,0.93452915240087,0.611559458055633,0.716281782899868,1.73775514167803
"763",NA,NA,NA,NA,NA
"764",0.996935138872377,0.934368673251286,0.604048175558924,0.653879562914797,1.8716049773139
"765",NA,NA,NA,NA,NA
"766",NA,NA,NA,NA,NA
"767",0.996321625718987,0.946359709348595,0.642252881930593,0.692763363983335,1.70868632867609
"768",0.997980472746918,0.951207419798382,0.682689751871947,0.776731954239007,2.06406536448949
"769",0.999991129787009,0.9517419139919,0.728620185740565,0.707860859774247,2.0682464425843
"770",0.999992151039464,0.957914455100379,0.659876505300922,0.769500291042425,1.9057314494419
"771",NA,NA,NA,NA,NA
"772",0.998532733976209,0.946809707809384,0.580476629671774,0.781800278730097,1.49853444601013
"773",NA,NA,NA,NA,NA
"774",0.999969480688151,0.956598319378728,0.69612364180843,0.611592967600326,1.95139261476242
"775",0.999983152422285,0.952809916560712,0.608970683035704,0.679161528091055,1.85860895493285
"776",NA,NA,NA,NA,NA
"777",0.999772059805525,0.939063682449406,0.729007700700732,0.676137927280236,2.07191551669967
"778",NA,NA,NA,NA,NA
"779",NA,NA,NA,NA,NA
"780",0.999975167265572,0.935297842842268,0.99992094832158,0.257051135582863,2.07916862496687
"781",NA,NA,NA,NA,NA
"782",0.999990359402336,0.937372155226534,0.596175256673071,0.703240934720574,1.91169013617542
"783",0.997715841910282,0.95608353849893,0.667381815148999,0.677402974541041,2.27348287367749
"784",0.998611517692323,0.948266115890918,0.651486686034855,0.730970611004087,1.75030544244207
"785",0.999686466455696,0.937586294447806,0.538800003072592,0.699366490625667,1.80879703672948
"786",0.997316578090645,0.94092965780593,0.654027943822248,0.643267861642579,1.55304363030912
"787",0.999924612667166,0.937088219328986,0.652203047806249,0.751033210927403,1.7675988293571
"788",NA,NA,NA,NA,NA
"789",0.997804107352906,0.933543096921623,0.483767838906971,0.682982452782793,1.7299451763274
"790",0.999967057732855,0.940428739870421,0.999068762270943,0.327431042406887,2.70472168927684
"791",0.995877628664945,0.946059835430746,0.505656472255766,0.707924066783063,2.20969346416135
"792",0.9963880976977,0.948544243006755,0.601292452650516,0.718693422818125,2.11686935140193
"793",0.996977620601242,0.952614584006307,0.676176094406856,0.742974899194055,2.02437009924662
"794",0.999509966236901,0.946121615967998,0.657711734670611,0.722843417648781,1.95239078056451
"795",0.9990468358933,0.975340791439175,0.681140268737979,0.703997175477963,1.88972289875614
"796",0.996406968081869,0.913187586449548,0.535302663940305,0.730967157997425,2.02480998643017
"797",0.993505757107296,0.964511006356635,0.639984444644933,0.790766705162529,1.81260416838313
"798",0.999710396612518,0.953829478742181,0.630655608444245,0.702726070754132,1.85182586367911
"799",0.999963079696863,0.954424186652344,0.629499015691594,0.728946438614047,1.95080556212588
"800",0.99868967851543,0.936964851930938,0.591037381664699,0.82307330701706,2.47826643628679
"801",0.999991266639785,0.936884443167516,0.999258882894538,0.389751147018068,2.34140623220423
"802",NA,NA,NA,NA,NA
"803",0.998009923977977,0.954503411443233,0.727279954537173,0.636964601596812,1.61419662840669
"804",NA,NA,NA,NA,NA
"805",0.995995867968438,0.940533066962245,0.607528902465612,0.701274039784727,1.39435542820424
"806",0.999966668450865,0.98371524503579,0.999497763743606,0.410890678068458,2.40511365299691
"807",0.998369963135531,0.96216776034923,0.606488041699375,0.807963102717259,1.74436646962926
"808",0.99795741774177,0.921541548280714,0.598509558719361,0.808158134450749,1.73579568000526
"809",0.994672300840461,0.932677835113845,0.526710479291131,0.676972241982536,2.19863764376025
"810",0.999970268421838,0.913099884314655,0.673539137900354,0.702790805852521,1.6363623825132
"811",0.999751265969908,0.925645256808383,0.54609071293302,0.690526735300817,1.48867975357948
"812",0.998526072525792,0.923780203502139,0.624045886015725,0.745057946606782,1.52846755256264
"813",NA,NA,NA,NA,NA
"814",NA,NA,NA,NA,NA
"815",0.996592043633929,0.928350074359538,0.571805154275765,0.749253100949322,1.53514944318671
"816",NA,NA,NA,NA,NA
"817",0.999840351026818,0.934435782103887,0.999317876730381,0.357927106986195,1.93160710438068
"818",0.995884739399612,0.932051144239761,0.642375333083,0.666075862879895,2.24756629510151
"819",0.999969356669517,0.933716224692092,0.599524705411901,0.758093129744751,1.64684814034037
"820",NA,NA,NA,NA,NA
"821",NA,NA,NA,NA,NA
"822",0.999991493650575,0.969771791146062,0.99955793819708,0.473575154715601,2.20741897677091
"823",0.999975415025146,0.934799781870604,0.657123154786826,0.678096936301106,1.78730090842954
"824",NA,NA,NA,NA,NA
"825",0.999969824889868,0.952510107218767,0.63314989165453,0.755074393275487,1.8528801893339
"826",0.996715846138751,0.938987107748621,0.59997252890803,0.768535619134242,1.78575312890924
"827",NA,NA,NA,NA,NA
"828",0.999504215211373,0.912945787448723,0.658470025422491,0.533294612237088,1.9315065553845
"829",0.996355823189217,0.923850450579225,0.586128612146648,0.719565641149487,2.13679810619917
"830",NA,NA,NA,NA,NA
"831",0.997813079863893,0.926950470409651,0.611193003004921,0.695248890925956,1.52897270314145
"832",0.995747171491069,0.927196969296727,0.664210378934492,0.727126829230549,1.37902807895688
"833",NA,NA,NA,NA,NA
"834",NA,NA,NA,NA,NA
"835",NA,NA,NA,NA,NA
"836",0.999903380582177,0.964785127050139,0.999786650163559,0.774720033108333,2.03698571520078
"837",0.994625662480982,0.92567925513334,0.561845845235166,0.767011071657321,2.07108003588147
"838",0.993627954670944,0.965364655231872,0.613966941400568,0.765874400371017,1.8996527666309
"839",0.999793563705929,0.956614790597722,0.666876918303958,0.733518858807204,1.62927432059976
"840",0.997100950659153,0.927739543691993,0.557434865738276,0.733936517976353,1.97962024003723
"841",NA,NA,NA,NA,NA
"842",0.999947240775901,0.932014963065568,0.622049669202406,0.704437172150078,1.79098733687347
"843",0.999908694417781,0.93291794083205,0.999319049176867,0.381454178748525,2.27053973308762
"844",0.998977570815374,0.928515300635479,0.635504478056768,0.719788929300045,1.83342938615883
"845",0.999970767244072,0.935990233178158,0.999374704778508,0.429017733039587,2.43715359764297
"846",0.999982903431173,0.947350899447984,0.999798828349489,0.420284627691074,1.97265530361778
"847",0.996895845640731,0.928895582468218,0.633096911417942,0.709687832569078,1.85633643059754
"848",0.997986152848257,0.916130430379015,0.624072694591905,0.724021810851253,1.61734903505083
"849",0.999901671926881,0.944168881133348,0.542835692726885,0.758707202038521,1.73253799781135
"850",0.99998141883576,0.953041256298629,0.646384294747915,0.769540460004222,1.74597228549202
"851",NA,NA,NA,NA,NA
"852",0.997660990299929,0.939114203482611,0.574968176971807,0.714814624260444,2.41302941746368
"853",0.999953886014423,0.95341321247688,0.668099165456671,0.753610005734936,1.64657694091799
"854",0.999963626592286,0.943138903521371,0.478468113429462,0.727500553869589,1.55798431172633
"855",0.99832944119479,0.956578582145118,0.7306479309019,0.751494507954516,1.8035842705674
"856",0.997876586378587,0.944679606334671,0.604344941282133,0.757103796276496,2.30115585006699
"857",0.997387721625515,0.935005393525016,0.660811741456913,0.683598358019257,1.58035958477332
"858",0.995287889822794,0.948882941817372,0.521726761250645,0.734753529976833,1.756386776005
"859",0.999958233026978,0.968816319328463,0.999790723944522,0.546119022216166,2.16437232949888
"860",0.994280900076256,0.940822065225235,0.652610898181423,0.622956882531266,1.77979659517502
"861",0.994869969495942,0.930526690662711,0.691528217465234,0.653486413407142,2.33256933065123
"862",0.996150373089463,0.964970293441504,0.694901410546221,0.654158823409471,1.89923377755201
"863",0.996131344149568,0.922850215139168,0.632419389156318,0.765694411054623,1.73702548058947
"864",0.996159966778937,0.934609071653467,0.461645003102716,0.705392604706067,1.96741862191867
"865",NA,NA,NA,NA,NA
"866",0.999946288502476,0.943009291781238,0.602099229287631,0.75808913747396,1.69577545582019
"867",NA,NA,NA,NA,NA
"868",NA,NA,NA,NA,NA
"869",0.997253962238879,0.944189577648126,0.527233959406896,0.762859567038828,2.43499253684177
"870",NA,NA,NA,NA,NA
"871",0.997324454028366,0.96170143362087,0.5177786561125,0.84272620129067,1.48596744635331
"872",0.999871592977582,0.912571604494324,0.619028810621012,0.779983578391359,1.58688031180587
"873",0.999130449738975,0.923586242780122,0.599551441659752,0.754362150849105,2.22777068639205
"874",0.997652043748047,0.919087373188537,0.634985687760753,0.633055076252764,1.71800147565543
"875",0.997893147584993,0.913834812276022,0.531666466005413,0.689408409710436,2.43320865638432
"876",0.999640619366369,0.999799753968354,0.998062030024146,0.422912723334239,1.98312655004345
"877",0.995723650205813,0.914193267841154,0.496758062508358,0.656959008881149,1.96377993540693
"878",0.988479669583575,0.899406219546817,0.71355793431979,0.692847843537186,1.93147303213537
"879",0.996697879718753,0.932396563046778,0.561617802092142,0.782870319188004,1.67023142477588
"880",0.996804761970853,0.921644658594101,0.630719470991805,0.618673915371839,1.63645332796864
"881",0.999977479548485,0.937223964659435,0.66556094592323,0.709557824378023,1.90698642348501
"882",0.999984056063931,0.965170320892074,0.626543497394528,0.780585445215296,1.92175707881267
"883",0.996870269214005,0.919372685594575,0.455302782122213,0.735113198675905,1.84268554515835
"884",0.999924904114243,0.929679431044475,0.634779728364187,0.705925665860898,1.99433844453796
"885",NA,NA,NA,NA,NA
"886",0.999911584243407,0.937777701464596,0.999326773956537,0.351106290244138,1.94551972866313
"887",0.995056525209149,0.942127109636761,0.568735448644297,0.755990510695229,1.78391464575735
"888",0.997524931683218,0.918534150288276,0.704035723115924,0.685904315240385,1.55827152188656
"889",0.997133172761118,0.961424683723535,0.600602625849021,0.696262974127732,1.75349462315069
"890",0.994747905487711,0.930954265217643,0.607887573851149,0.718002401223627,1.63086580703723
"891",NA,NA,NA,NA,NA
"892",0.99888695310917,0.930602527028933,0.701388668905031,0.744556949103029,1.8145093107568
"893",0.996342471716565,0.949148672053637,0.58214513040738,0.812425440621143,1.6795725911007
"894",0.997856596786479,0.911586711464425,0.538819570540908,0.759243161447463,1.56547042723832
"895",NA,NA,NA,NA,NA
"896",0.999539365581979,0.926818135037096,0.999664440208114,0.529586899902468,2.53355578938497
"897",NA,NA,NA,NA,NA
"898",0.999991164152326,0.945769460144051,0.602839550176351,0.754355277484347,1.88237003837648
"899",0.996652443132479,0.958974962605774,0.674137836198534,0.664175808568954,1.92068742081169
"900",0.993516003967008,0.925994293006561,0.586522927649065,0.617824424903158,1.85792778793008
"901",0.9998193670833,0.926527021529131,0.574008673534457,0.683172618982681,1.62569595319719
"902",0.998501537829047,0.94674639060523,0.595235054710245,0.700813774508326,2.28887641736336
"903",NA,NA,NA,NA,NA
"904",0.999979406255872,0.95161773438096,0.706748555779404,0.820955537496098,1.82495924617504
"905",0.997319831868826,0.945737868187106,0.512016652908506,0.780553325387428,1.89076359209363
"906",0.99999510268896,0.94476210514875,0.660884848955232,0.696357167183336,1.64872639004212
"907",NA,NA,NA,NA,NA
"908",0.997683057571706,0.95191905342858,0.636314565412397,0.724350945196994,1.6618988302906
"909",0.99648002772113,0.945735206198469,0.569859511918783,0.732435637085182,1.84827037924686
"910",0.99764576288311,0.928786039472987,0.619813701346566,0.72377244477902,2.04497839229842
"911",NA,NA,NA,NA,NA
"912",NA,NA,NA,NA,NA
"913",0.997389637667818,0.935137256618301,0.613793320991608,0.763748446549804,1.54216814468582
"914",0.994423441743255,0.931357185878106,0.572304725605341,0.67762544185368,3.12523355887614
"915",0.996773962500702,0.918295295017436,0.641527134654252,0.686320768805768,1.94573511238173
"916",NA,NA,NA,NA,NA
"917",NA,NA,NA,NA,NA
"918",0.999982090047383,0.946387853258085,0.711606726128678,0.67548907793345,1.8507433082314
"919",0.999981477580055,0.933474998915092,0.632151335212346,0.747770677116105,1.80759126630068
"920",NA,NA,NA,NA,NA
"921",NA,NA,NA,NA,NA
"922",0.996212588487683,0.932696128501225,0.588789400134472,0.800098432392266,1.60953245753069
"923",0.9999317105028,0.950100937570287,0.999720164338819,0.679891324351313,2.08404260661486
"924",NA,NA,NA,NA,NA
"925",0.997127586722045,0.924670311275116,0.572001948180405,0.690460880706968,2.09484767299068
"926",0.999971114281955,0.940436564106188,0.676475232170262,0.663877209410625,1.61434112096423
"927",0.996959978769921,0.911446126945134,0.671689373998717,0.680002955684775,1.72994340153845
"928",0.999993545610288,0.938056602664029,0.999725902364259,0.420236052308772,2.17877140455737
"929",0.99952103704677,0.949064598355116,0.599335038797092,0.68031682823992,1.76976974484944
"930",NA,NA,NA,NA,NA
"931",0.995658697512706,0.905381109959157,0.577440429430276,0.670833627074495,1.62454539895628
"932",NA,NA,NA,NA,NA
"933",0.999954131408704,0.947848615191103,0.641745302932462,0.690279905483476,2.39805061905885
"934",0.999616476273901,0.908922741433141,0.633390020763942,0.710617146568401,1.4312220280216
"935",0.997793338963816,0.923527070937357,0.52454722875162,0.673376398197213,2.02392625868962
"936",0.999856957208631,0.954723310676283,0.999476502184101,0.411020330636674,2.02621730901896
"937",0.999833061323799,0.921141069245649,0.714853780723085,0.557007212635089,1.71117037082366
"938",0.998050746497736,0.943885337087334,0.622028332092738,0.778734976038217,2.19025969373206
"939",NA,NA,NA,NA,NA
"940",0.999967085775063,0.948581804215217,0.999858307582667,0.279712522554527,2.43972439561526
"941",NA,NA,NA,NA,NA
"942",0.995486303771894,0.938144073119117,0.624699732596153,0.79765359873728,1.79734683201036
"943",0.999869747316365,0.954094482101331,0.661925616036285,0.799424656101378,1.73247119983861
"944",0.998238467771692,0.930260784946063,0.631614256083673,0.697138831581708,1.81858870505063
"945",0.996325421958769,0.919982987338877,0.597195000452995,0.703429822441927,1.72856326281443
"946",NA,NA,NA,NA,NA
"947",0.993923850637659,0.941150570067473,0.62643249864135,0.779855828450092,1.93199916167341
"948",0.9999857044186,0.936404864917263,0.566249867403991,0.751994170876705,2.26687995195859
"949",0.999958528821404,0.917179105101834,0.61336228282489,0.680048269276686,2.16692808813023
"950",0.999946227151038,0.932403108826387,0.707235643854862,0.68405203394661,2.20870075205574
"951",0.99997896916463,0.942140996358988,0.999874825916548,0.271395258669723,2.68971440769765
"952",0.995514123371631,0.927527481704944,0.600896861603171,0.677538997219038,1.85851390966731
"953",0.998724426599813,0.918381018308853,0.633923820887036,0.699757452844181,1.85751921717642
"954",0.996721110407099,0.953219405560752,0.570971563569365,0.756555052186448,2.21783093912621
"955",NA,NA,NA,NA,NA
"956",0.998234730093925,0.947767745093404,0.613354274068448,0.755292545380794,1.86165723492682
"957",NA,NA,NA,NA,NA
"958",0.989815501974552,0.938582505304421,0.672022313335816,0.568163547905591,1.99244280346725
"959",0.999958611209421,0.960702490511456,0.999566018299502,0.495435211975003,1.80220607881126
"960",0.998243882818101,0.919419922040516,0.650827018880704,0.730654313459662,2.05947181903874
"961",NA,NA,NA,NA,NA
"962",0.996279452005179,0.928306266666227,0.66580441053473,0.632641114484252,1.72613903057309
"963",0.995223625947795,0.94436579376873,0.623890456313596,0.682951547803603,2.05149293006335
"964",NA,NA,NA,NA,NA
"965",NA,NA,NA,NA,NA
"966",0.997733386216817,0.94182458776616,0.637748833941657,0.636749297156915,2.15578121229655
"967",NA,NA,NA,NA,NA
"968",0.996452722115328,0.923377817503479,0.462367703528431,0.781295388251579,1.84707111695802
"969",0.993313784143276,0.937077485259581,0.61749160990965,0.680669206316035,1.78721046901479
"970",NA,NA,NA,NA,NA
"971",NA,NA,NA,NA,NA
"972",0.998253757166497,0.929162169728353,0.558126984556831,0.770367129304415,2.0142768159091
"973",0.999954012918006,0.961958810330321,0.999408021067341,0.401888553103947,2.14602433676516
"974",0.999258000797719,0.866395200407338,0.999610906970964,0.497600864788839,2.15933984124833
"975",0.998407441559021,0.939389029270076,0.589834034992033,0.736237439573903,1.85966103975159
"976",0.999974156549635,0.939752336892137,0.690486441870827,0.772943097916646,1.45518738536794
"977",0.997953126081248,0.92960446202566,0.580192036195473,0.773369084282915,1.87096656246408
"978",NA,NA,NA,NA,NA
"979",0.997883232525846,0.936012838245688,0.565355973303748,0.609154725178909,1.64495490889042
"980",0.997198730135942,0.957416304475519,0.714547287013846,0.767192656488185,2.06103736133196
"981",0.99987718208428,0.952845895841522,0.999414436167101,0.395401230428506,2.29460037822218
"982",0.999953612722918,0.576240051254861,0.998925103293282,0.578213694231051,2.96997958790693
"983",0.997358508390352,0.947779956780331,0.662722262200067,0.736448544721214,2.03596173987965
"984",0.997623130000854,0.916839416294564,0.593607210251306,0.68426152450771,1.89696935249656
"985",0.994940476293591,0.933041530955446,0.542567446268465,0.671677171541258,1.75441763985754
"986",0.999962727428013,0.926861577017371,0.671260213458643,0.701946174228269,1.53748678216476
"987",0.995118509372754,0.936549762020123,0.551240404189709,0.800075243915134,1.64868916438058
"988",0.999979409172476,0.936845054066092,0.999919602339806,0.28600162677437,2.00411001579148
"989",0.995508478502146,0.921461668482897,0.528249568163824,0.808734294270554,1.66632228196664
"990",0.997362935309119,0.927925869735744,0.683064843817165,0.639988741000669,1.71993166516279
"991",0.999942649899688,0.945024471629677,0.551535435953983,0.672173596432216,1.80332595438344
"992",0.997610162495969,0.937304268122786,0.633582441038675,0.747070847367659,1.7743133717056
"993",0.997063641872564,0.93223974197526,0.53914442731526,0.766512989173015,2.02376728230892
"994",NA,NA,NA,NA,NA
"995",0.999989122184404,0.90827863416249,0.999843682506652,0.265280061296832,2.49728516014242
"996",0.998127360016089,0.953347216445591,0.564089626153352,0.676006089142816,2.02180784438937
"997",0.997492960242363,0.910323959284147,0.595157898007411,0.746222948138474,1.54564563575438
"998",0.996011505717015,0.930405021524355,0.581027979891077,0.695565030528291,1.66749400914777
"999",0.988665776541413,0.913572973238329,0.697314287932149,0.64342954962302,1.67849837101188
"1000",0.999853433580899,0.948342390253808,0.632192453000137,0.730731335291167,2.32321276799298
